Customer_ID,Date_of_data,Default_date,Country,Industry,Length_of_business,Total_assets,Financial_leverage,Credit_limit,EDF,GDP_growth,Default
1,01/01/2014,24/11/2014,UK,A,4.28,1.49,1.11,0.27,0.013,2.95,1
2,01/01/2011,,UK,D,8.71,9.85,1.24,1.27,0.015,1.64,0
3,01/01/2018,,FR,A,7.14,1.74,0.6,0.59,0.0102,1.72,0
4,01/01/2014,11/08/2014,FR,A,5.57,6.21,1.19,0.87,0.013,0.96,1
5,01/01/2012,,UK,A,2.28,15.94,1.29,1.87,0.018,1.45,0
6,01/01/2012,03/04/2012,UK,B,4.07,7.26,0.21,0.73,0.018,1.45,1
7,01/01/2014,,PL,A,3.19,4.25,,0.66,0.013,3.32,0
8,01/01/2017,,UK,A,4.17,2.53,,0.59,0.0099,1.82,0
9,01/01/2011,,UK,A,4.96,3.96,1.16,0.8,0.015,1.64,0
10,01/01/2014,,UK,D,1.79,4.25,0.97,0.89,0.013,2.95,0
11,01/01/2012,,FR,A,2.88,3.35,,0.38,0.018,0.31,0
12,01/01/2014,,UK,D,4.71,3.41,0.5,0.57,0.013,2.95,0
13,01/01/2017,,PL,A,1.21,3.4,0.82,0.5,0.0099,4.81,0
14,01/01/2015,28/11/2015,UK,A,4.49,2.74,0.58,0.39,0.0116,2.35,1
15,01/01/2017,,DE,D,5.13,4.34,0.84,0.68,0.0099,2.16,0
16,01/01/2011,30/01/2011,FR,B,5.4,0.3,0.88,0.32,0.015,2.19,1
17,01/01/2012,30/08/2012,UK,A,1.45,1.7,1.71,0.71,0.018,1.45,1
18,01/01/2014,,DE,C,2.82,0.26,0.29,0.35,0.013,2.18,0
19,01/01/2017,,PL,C,4.02,4.87,1.9,0.53,0.0099,4.81,0
20,01/01/2017,,FR,C,20.92,2.85,1.13,0.53,0.0099,2.26,0
21,01/01/2011,,UK,C,7.9,1.78,1.93,0.44,0.015,1.64,0
22,01/01/2016,,PL,C,16.34,4.6,0.66,0.84,0.0121,3.06,0
23,01/01/2013,,PL,D,4.81,0.13,0.9,0.23,0.021,1.39,0
24,01/01/2017,,PL,A,8.3,6.33,1.02,0.68,0.0099,4.81,0
25,01/01/2018,,DE,C,7.69,0.42,1.46,0.16,0.0102,1.43,0
26,01/01/2012,31/05/2012,FR,A,3.56,6.91,1.71,0.9,0.018,0.31,1
27,01/01/2011,13/09/2011,UK,A,5.44,1.82,0.36,0.44,0.015,1.64,1
28,01/01/2012,03/09/2012,PL,C,2.36,3.1,0.8,0.97,0.018,1.61,1
29,01/01/2012,,FR,A,4,4.4,1.96,0.5,0.018,0.31,0
30,01/01/2013,,PL,A,4.53,2.87,1.2,0.79,0.021,1.39,0
31,01/01/2013,,FR,A,2.87,4.4,0.36,0.59,0.021,0.58,0
32,01/01/2013,,PL,A,2.01,0.51,1.99,0.54,0.021,1.39,0
33,01/01/2016,,PL,C,10.91,6.64,,1.07,0.0121,3.06,0
34,01/01/2017,,UK,A,4.68,0.4,0.22,0.37,0.0099,1.82,0
35,01/01/2013,,UK,D,4.98,4.17,1.57,0.5,0.021,2.05,0
36,01/01/2016,,DE,B,3.27,0.64,1.51,0.22,0.0121,2.24,0
37,01/01/2014,28/12/2014,UK,A,5.69,0.72,1.13,0.26,0.013,2.95,1
38,01/01/2014,08/02/2014,DE,A,3.48,2.68,0.95,1.03,0.013,2.18,1
39,01/01/2014,,FR,A,6.19,0.89,0.47,0.23,0.013,0.96,0
40,01/01/2018,,DE,A,7.12,4.02,1.05,0.98,0.0102,1.43,0
41,01/01/2018,08/09/2018,UK,B,5.98,3.2,0.52,0.53,0.0102,1.4,1
42,01/01/2011,29/10/2011,UK,A,2.52,2.06,,0.63,0.015,1.64,1
43,01/01/2014,,UK,C,13.11,3.62,1.91,0.5,0.013,2.95,0
44,01/01/2014,,PL,A,0.26,2.67,1.15,0.69,0.013,3.32,0
45,01/01/2013,,FR,A,6.24,3.63,0.84,1.4,0.021,0.58,0
46,01/01/2017,10/07/2017,UK,D,0.54,1.95,1.53,0.37,0.0099,1.82,1
47,01/01/2018,,DE,D,3.14,5.31,1.5,0.86,0.0102,1.43,0
48,01/01/2018,,PL,A,3.42,2.16,,1.27,0.0102,5.15,0
49,01/01/2018,21/06/2018,UK,A,2.65,5.29,1.67,1.48,0.0102,1.4,1
50,01/01/2013,,UK,D,8.29,1.93,0.53,0.24,0.021,2.05,0
51,01/01/2015,,FR,C,3.12,3.37,0.66,0.51,0.0116,1.11,0
52,01/01/2011,,DE,C,5.65,7.4,0.62,1.01,0.015,3.66,0
53,01/01/2015,,UK,A,3.41,3.22,0.85,0.74,0.0116,2.35,0
54,01/01/2014,,UK,D,14.69,4.3,,0.7,0.013,2.95,0
55,01/01/2012,,UK,C,4.45,3.7,1.97,0.47,0.018,1.45,0
56,01/01/2014,,UK,C,2.78,1.14,,0.4,0.013,2.95,0
57,01/01/2014,,UK,C,4.55,1.6,0.3,1,0.013,2.95,0
58,01/01/2011,,UK,A,6.88,4.83,,0.55,0.015,1.64,0
59,01/01/2016,,PL,A,3.11,1.87,1.29,0.4,0.0121,3.06,0
60,01/01/2017,,FR,C,3.3,1.38,0.36,0.27,0.0099,2.26,0
61,01/01/2016,,DE,C,11.6,2.01,1.74,0.39,0.0121,2.24,0
62,01/01/2017,,DE,C,7.05,1.85,,1.43,0.0099,2.16,0
63,01/01/2013,25/10/2013,DE,B,6.9,0.81,,0.43,0.021,0.49,1
64,01/01/2017,,UK,A,6.12,2.36,0.77,0.37,0.0099,1.82,0
65,01/01/2011,,DE,A,8.9,0.41,1.12,0.52,0.015,3.66,0
66,01/01/2018,,UK,B,3.19,8.05,,1.14,0.0102,1.4,0
67,01/01/2017,,UK,A,7.09,0.32,0.46,0.25,0.0099,1.82,0
68,01/01/2018,,FR,A,5.54,2.2,1.01,0.37,0.0102,1.72,0
69,01/01/2011,,FR,D,2.63,1.47,1.33,0.6,0.015,2.19,0
70,01/01/2014,,FR,C,6.83,1.59,,0.41,0.013,0.96,0
71,01/01/2016,,UK,C,2.21,9.51,,1.25,0.0121,1.79,0
72,01/01/2012,23/04/2012,FR,A,3.72,0.44,,0.32,0.018,0.31,1
73,01/01/2011,,PL,A,4.52,6.77,,0.87,0.015,5.02,0
74,01/01/2017,,FR,B,7.47,0.38,1.18,0.4,0.0099,2.26,0
75,01/01/2011,,FR,D,8.72,1.92,1.71,0.25,0.015,2.19,0
76,01/01/2015,,UK,D,2.86,0.4,1.04,0.11,0.0116,2.35,0
77,01/01/2013,,DE,A,6.04,0.89,,0.41,0.021,0.49,0
78,01/01/2015,02/09/2015,UK,C,4.86,2.95,0.81,0.54,0.0116,2.35,1
79,01/01/2014,,FR,A,2.86,0.51,0.25,0.34,0.013,0.96,0
80,01/01/2017,02/10/2017,UK,A,9.52,2.5,0.95,0.35,0.0099,1.82,1
81,01/01/2013,,UK,D,4.21,2.44,,0.92,0.021,2.05,0
82,01/01/2013,,UK,A,5.42,1.59,1.64,0.32,0.021,2.05,0
83,01/01/2013,22/09/2013,UK,A,1.3,1.23,1.58,0.71,0.021,2.05,1
84,01/01/2015,,FR,B,7.01,2.92,0.98,1.34,0.0116,1.11,0
85,01/01/2018,28/09/2018,DE,A,1.86,1.6,1.09,0.3,0.0102,1.43,1
86,01/01/2012,,UK,A,9.19,8.08,,0.87,0.018,1.45,0
87,01/01/2015,,DE,C,4.48,7.52,0.22,0.81,0.0116,1.74,0
88,01/01/2018,,UK,C,0.89,1.82,0.95,0.27,0.0102,1.4,0
89,01/01/2012,,UK,A,2.61,1.4,1.08,0.23,0.018,1.45,0
90,01/01/2017,,FR,D,2.5,0.09,0.74,0.28,0.0099,2.26,0
91,01/01/2014,,FR,C,2.27,1.98,0.75,0.27,0.013,0.96,0
92,01/01/2013,29/09/2013,DE,D,2.54,0.87,1.94,0.44,0.021,0.49,1
93,01/01/2015,,FR,B,2.47,13.29,1.07,1.42,0.0116,1.11,0
94,01/01/2013,,DE,C,6.81,5.1,0.65,0.8,0.021,0.49,0
95,01/01/2014,,PL,C,7.55,4.91,0.48,0.94,0.013,3.32,0
96,01/01/2011,,UK,C,6.24,6.59,1.48,0.78,0.015,1.64,0
97,01/01/2012,,UK,D,5.66,1.18,0.93,0.48,0.018,1.45,0
98,01/01/2012,,FR,C,2.57,0.06,1.82,0.06,0.018,0.31,0
99,01/01/2014,,FR,D,9.74,1.74,1.91,0.73,0.013,0.96,0
100,01/01/2011,,PL,A,11.03,2.31,1.99,0.38,0.015,5.02,0
101,01/01/2013,,FR,A,7.52,1.67,,0.42,0.021,0.58,0
102,01/01/2011,,FR,C,1.43,0.27,,0.38,0.015,2.19,0
103,01/01/2016,,UK,A,3.59,1.5,0.42,0.4,0.0121,1.79,0
104,01/01/2015,,DE,A,2.41,2.56,1.92,0.28,0.0116,1.74,0
105,01/01/2011,25/10/2011,UK,D,1.06,0.45,0.68,0.28,0.015,1.64,1
106,01/01/2015,,UK,A,1.68,3.79,0.22,0.53,0.0116,2.35,0
107,01/01/2016,,PL,A,1.78,2.89,,0.38,0.0121,3.06,0
108,01/01/2012,,UK,A,2.32,7.93,1.26,0.95,0.018,1.45,0
109,01/01/2018,,PL,A,3.72,0.99,0.51,0.69,0.0102,5.15,0
110,01/01/2015,,PL,A,8.53,5.75,0.54,0.67,0.0116,3.84,0
111,01/01/2013,,UK,B,8.45,0.25,1.03,0.4,0.021,2.05,0
112,01/01/2012,22/08/2012,PL,A,2.06,0.46,,0.28,0.018,1.61,1
113,01/01/2011,,UK,D,2.47,1.26,1.72,1.02,0.015,1.64,0
114,01/01/2011,,FR,D,7.63,0.57,1.32,0.21,0.015,2.19,0
115,01/01/2016,,PL,D,1.09,4.27,0.21,0.68,0.0121,3.06,0
116,01/01/2014,,PL,D,2.44,1.2,1.79,0.13,0.013,3.32,0
117,01/01/2015,,PL,C,2.55,7.87,0.55,0.94,0.0116,3.84,0
118,01/01/2012,,PL,B,3.67,0.5,0.23,0.62,0.018,1.61,0
119,01/01/2011,,FR,D,2.79,2.47,,0.32,0.015,2.19,0
120,01/01/2012,14/08/2012,UK,C,2.08,1.38,1.23,0.25,0.018,1.45,1
121,01/01/2018,02/04/2018,UK,A,3.95,2.61,0.93,0.41,0.0102,1.4,1
122,01/01/2012,17/03/2012,DE,D,1.89,2.79,0.81,0.78,0.018,0.49,1
123,01/01/2014,,UK,C,6.26,2.75,,0.39,0.013,2.95,0
124,01/01/2016,,UK,A,12.88,1.53,1.54,0.25,0.0121,1.79,0
125,01/01/2013,,FR,C,6.79,11.99,1.01,1.31,0.021,0.58,0
126,01/01/2016,,UK,A,6.88,2.85,1.25,0.39,0.0121,1.79,0
127,01/01/2013,,FR,C,3.03,4.16,,0.62,0.021,0.58,0
128,01/01/2012,,FR,D,7.34,1.96,,1.1,0.018,0.31,0
129,01/01/2013,,PL,C,2.94,1.24,1.11,0.16,0.021,1.39,0
130,01/01/2015,01/12/2015,FR,D,2.64,1.88,1.07,0.46,0.0116,1.11,1
131,01/01/2013,23/05/2013,UK,A,3.44,5.08,1.51,0.83,0.021,2.05,1
132,01/01/2013,,FR,C,7.09,2.23,1.54,0.4,0.021,0.58,0
133,01/01/2017,,FR,A,11.23,7.98,0.86,1.18,0.0099,2.26,0
134,01/01/2017,,PL,A,2.94,2.69,1.14,0.44,0.0099,4.81,0
135,01/01/2018,,UK,D,4.33,1.82,1.01,1.08,0.0102,1.4,0
136,01/01/2011,,UK,D,6.16,2.9,1.82,0.5,0.015,1.64,0
137,01/01/2015,,DE,D,6.04,2.67,0.97,0.34,0.0116,1.74,0
138,01/01/2018,,UK,C,9.92,5.34,1.59,0.7,0.0102,1.4,0
139,01/01/2012,01/10/2012,UK,A,1.9,0.8,0.59,0.35,0.018,1.45,1
140,01/01/2016,04/10/2016,UK,C,6.04,1.79,,0.55,0.0121,1.79,1
141,01/01/2016,07/08/2016,DE,C,0.55,1.8,1.96,0.65,0.0121,2.24,1
142,01/01/2011,19/10/2011,UK,D,5.17,2.42,0.35,1.04,0.015,1.64,1
143,01/01/2017,17/03/2017,PL,A,1.22,4.3,1.37,0.71,0.0099,4.81,1
144,01/01/2015,,UK,C,2.86,4.89,1.62,1.17,0.0116,2.35,0
145,01/01/2015,16/06/2015,UK,B,3.98,5,,0.7,0.0116,2.35,1
146,01/01/2012,,UK,C,6.88,4,1.47,0.47,0.018,1.45,0
147,01/01/2018,,FR,D,9.38,0.89,0.77,0.87,0.0102,1.72,0
148,01/01/2013,,UK,D,13.3,2.02,1,0.76,0.021,2.05,0
149,01/01/2017,,UK,A,6.83,0.96,,0.12,0.0099,1.82,0
150,01/01/2018,17/05/2018,FR,A,3.1,1.05,0.22,0.77,0.0102,1.72,1
151,01/01/2018,,UK,D,8.08,0.77,1.51,0.16,0.0102,1.4,0
152,01/01/2014,,FR,C,8.69,1.82,1.89,0.37,0.013,0.96,0
153,01/01/2014,,UK,C,5.29,2.2,1.48,0.47,0.013,2.95,0
154,01/01/2012,,DE,C,2.15,3.95,,0.53,0.018,0.49,0
155,01/01/2011,,UK,C,5.36,4.75,1.91,1.28,0.015,1.64,0
156,01/01/2013,,UK,C,3.54,4.19,1.89,0.61,0.021,2.05,0
157,01/01/2018,,PL,A,5.88,2.35,0.74,0.52,0.0102,5.15,0
158,01/01/2018,,UK,D,3.1,3.32,0.95,0.39,0.0102,1.4,0
159,01/01/2014,12/06/2014,UK,C,13.56,0.97,0.77,0.24,0.013,2.95,1
160,01/01/2013,15/07/2013,UK,A,2.31,2.67,1.41,0.47,0.021,2.05,1
161,01/01/2015,,UK,D,5.6,2.58,,0.82,0.0116,2.35,0
162,01/01/2017,04/05/2017,UK,A,5.43,5.67,0.82,0.87,0.0099,1.82,1
163,01/01/2015,,PL,A,3.3,3.19,0.61,0.48,0.0116,3.84,0
164,01/01/2017,,FR,C,14.35,4.43,1.6,0.59,0.0099,2.26,0
165,01/01/2016,,DE,B,6.95,2,0.3,0.32,0.0121,2.24,0
166,01/01/2011,,FR,C,3.83,6.4,0.24,0.72,0.015,2.19,0
167,01/01/2013,,FR,A,5.63,1.15,1.74,0.29,0.021,0.58,0
168,01/01/2013,,UK,C,7.56,1.12,1.38,0.33,0.021,2.05,0
169,01/01/2012,,PL,D,3.36,3.16,0.93,0.6,0.018,1.61,0
170,01/01/2011,,FR,A,5.9,8.05,0.84,0.93,0.015,2.19,0
171,01/01/2013,24/03/2013,UK,B,3.81,2.16,,0.51,0.021,2.05,1
172,01/01/2017,06/06/2017,UK,B,0.71,13.97,1.44,1.48,0.0099,1.82,1
173,01/01/2014,28/08/2014,DE,C,2.71,4.24,0.3,0.8,0.013,2.18,1
174,01/01/2015,,UK,B,3.1,1.65,1.44,0.3,0.0116,2.35,0
175,01/01/2017,,PL,D,3.3,5.61,1.96,1.13,0.0099,4.81,0
176,01/01/2018,,PL,D,4,0.42,0.46,0.2,0.0102,5.15,0
177,01/01/2012,,PL,C,8.78,0.74,,0.33,0.018,1.61,0
178,01/01/2013,02/01/2013,UK,A,4.35,2.28,1.44,0.29,0.021,2.05,1
179,01/01/2012,,DE,A,2.88,2.41,,0.72,0.018,0.49,0
180,01/01/2014,,PL,D,9.84,5.58,1.11,0.69,0.013,3.32,0
181,01/01/2018,01/07/2018,UK,B,1.92,6.25,1.32,1.06,0.0102,1.4,1
182,01/01/2017,,PL,C,4.61,1.18,1.73,0.16,0.0099,4.81,0
183,01/01/2017,24/09/2017,UK,A,2.8,1.55,0.26,0.19,0.0099,1.82,1
184,01/01/2012,,DE,C,2.97,1,0.29,0.16,0.018,0.49,0
185,01/01/2018,,PL,C,5.47,5.32,0.73,0.57,0.0102,5.15,0
186,01/01/2016,,FR,C,2.78,7.7,1.57,1.12,0.0121,1.1,0
187,01/01/2017,,DE,D,5.65,4.4,1.17,0.89,0.0099,2.16,0
188,01/01/2016,,PL,C,4.13,2.03,0.92,0.58,0.0121,3.06,0
189,01/01/2011,24/11/2011,FR,A,2.13,3.84,1.79,0.52,0.015,2.19,1
190,01/01/2013,05/05/2013,UK,C,2.76,2.53,0.29,0.35,0.021,2.05,1
191,01/01/2015,30/08/2015,DE,B,3.58,1.33,0.67,0.25,0.0116,1.74,1
192,01/01/2012,11/07/2012,DE,C,2.14,0.28,0.98,0.42,0.018,0.49,1
193,01/01/2011,,UK,A,5.88,0.95,1.99,0.89,0.015,1.64,0
194,01/01/2012,26/11/2012,FR,C,3.68,4.79,1.41,0.58,0.018,0.31,1
195,01/01/2013,07/07/2013,PL,A,2.16,4.48,,0.66,0.021,1.39,1
196,01/01/2015,,FR,A,2.35,0.61,1.75,0.4,0.0116,1.11,0
197,01/01/2013,,PL,A,6.08,2.39,0.88,0.44,0.021,1.39,0
198,01/01/2017,,FR,C,2.44,0.88,,0.1,0.0099,2.26,0
199,01/01/2014,,UK,D,3.09,2.32,,0.55,0.013,2.95,0
200,01/01/2018,29/05/2018,PL,C,3.79,1.93,1.54,0.88,0.0102,5.15,1
201,01/01/2018,,FR,D,3.24,1.97,,0.42,0.0102,1.72,0
202,01/01/2011,,UK,D,3.8,3.83,1.67,0.47,0.015,1.64,0
203,01/01/2011,07/06/2011,FR,A,2.85,1.87,1.13,0.68,0.015,2.19,1
204,01/01/2018,,UK,C,3.99,2.69,1.01,0.46,0.0102,1.4,0
205,01/01/2018,09/11/2018,UK,C,4.42,8.55,0.97,0.94,0.0102,1.4,1
206,01/01/2012,,PL,D,8.17,3.14,1.35,0.58,0.018,1.61,0
207,01/01/2016,12/01/2016,DE,C,6.33,2.34,1.56,0.36,0.0121,2.24,1
208,01/01/2018,,UK,A,6.01,0.02,0.28,0.43,0.0102,1.4,0
209,01/01/2011,,DE,B,4.83,7.89,0.74,1.08,0.015,3.66,0
210,01/01/2015,,FR,C,2.49,3.19,,0.66,0.0116,1.11,0
211,01/01/2017,12/12/2017,DE,D,3.16,2.82,0.22,1.15,0.0099,2.16,1
212,01/01/2017,22/11/2017,FR,A,3.73,4.97,0.46,0.83,0.0099,2.26,1
213,01/01/2013,17/08/2013,UK,A,3.76,4.09,0.53,1.13,0.021,2.05,1
214,01/01/2015,,DE,C,3.96,4.62,1.94,0.62,0.0116,1.74,0
215,01/01/2012,,DE,C,5.44,2.8,0.85,0.6,0.018,0.49,0
216,01/01/2017,,UK,C,15.76,1.87,,1.25,0.0099,1.82,0
217,01/01/2011,,UK,A,2.54,1.73,0.57,0.31,0.015,1.64,0
218,01/01/2012,,FR,C,4.28,2.15,0.86,0.36,0.018,0.31,0
219,01/01/2014,,UK,D,8.81,1.08,0.74,0.35,0.013,2.95,0
220,01/01/2016,,PL,A,7.76,2.36,1.35,0.34,0.0121,3.06,0
221,01/01/2017,,UK,C,2.82,0.84,,0.33,0.0099,1.82,0
222,01/01/2016,,UK,A,6.48,6.11,1.65,0.84,0.0121,1.79,0
223,01/01/2018,13/02/2018,UK,A,7.93,0.72,1.94,0.11,0.0102,1.4,1
224,01/01/2011,,FR,D,5.89,1.27,1.75,0.78,0.015,2.19,0
225,01/01/2018,,UK,B,13.07,0.97,0.98,0.2,0.0102,1.4,0
226,01/01/2017,,FR,A,3.69,3.26,1.25,0.7,0.0099,2.26,0
227,01/01/2011,28/06/2011,PL,C,2.09,3.99,0.31,0.63,0.015,5.02,1
228,01/01/2014,19/01/2014,FR,A,4.11,1.04,0.26,0.27,0.013,0.96,1
229,01/01/2015,,UK,A,7.53,7.72,0.67,0.79,0.0116,2.35,0
230,01/01/2014,15/07/2014,UK,C,3.89,1.73,1.95,0.51,0.013,2.95,1
231,01/01/2018,17/02/2018,UK,A,0.65,2.36,0.5,0.53,0.0102,1.4,1
232,01/01/2013,,FR,A,1.17,8.95,0.48,1.66,0.021,0.58,0
233,01/01/2012,,UK,A,4.8,4.07,2,0.51,0.018,1.45,0
234,01/01/2017,27/01/2017,PL,C,3.19,4.67,0.79,0.55,0.0099,4.81,1
235,01/01/2018,,FR,A,9.07,11.74,1.8,1.49,0.0102,1.72,0
236,01/01/2011,,FR,B,12.98,2.75,0.89,0.4,0.015,2.19,0
237,01/01/2016,,DE,C,6.36,1.54,0.8,0.52,0.0121,2.24,0
238,01/01/2018,,FR,C,2.85,1.43,0.84,0.72,0.0102,1.72,0
239,01/01/2014,,FR,C,2.19,5.22,0.26,0.74,0.013,0.96,0
240,01/01/2013,27/07/2013,UK,B,7.2,1.25,1.75,0.29,0.021,2.05,1
241,01/01/2012,29/10/2012,FR,A,5.21,3.31,0.76,0.71,0.018,0.31,1
242,01/01/2013,,UK,A,4.88,0.98,1.04,1.1,0.021,2.05,0
243,01/01/2014,,FR,C,2.66,3.13,0.78,0.42,0.013,0.96,0
244,01/01/2013,,UK,B,10.32,0.6,1.84,0.17,0.021,2.05,0
245,01/01/2014,15/02/2014,UK,C,4.91,3.82,1.85,1.02,0.013,2.95,1
246,01/01/2013,,FR,C,2.55,0.72,1.51,0.28,0.021,0.58,0
247,01/01/2017,,UK,A,8.26,1.96,1.82,0.48,0.0099,1.82,0
248,01/01/2011,,UK,B,2.41,0.58,1.86,0.12,0.015,1.64,0
249,01/01/2012,02/09/2012,UK,C,6.67,2.06,0.77,0.51,0.018,1.45,1
250,01/01/2013,,UK,D,3.25,1.08,1.56,0.47,0.021,2.05,0
251,01/01/2014,,PL,A,5.3,0.68,1.07,0.42,0.013,3.32,0
252,01/01/2012,,FR,B,3.11,0.42,1.71,0.29,0.018,0.31,0
253,01/01/2013,02/10/2013,FR,B,5.08,1.67,0.61,0.34,0.021,0.58,1
254,01/01/2014,05/02/2014,UK,A,1.35,3.77,0.41,0.52,0.013,2.95,1
255,01/01/2015,09/10/2015,UK,A,0.65,0.48,1.91,0.27,0.0116,2.35,1
256,01/01/2013,,UK,A,1.98,0.51,0.86,0.43,0.021,2.05,0
257,01/01/2014,,FR,C,3.1,2.9,0.43,0.36,0.013,0.96,0
258,01/01/2014,08/02/2014,FR,A,1.8,1.37,1.42,0.26,0.013,0.96,1
259,01/01/2017,,UK,C,5.57,2.64,0.88,0.41,0.0099,1.82,0
260,01/01/2014,,FR,C,5.42,0.14,1.55,0.34,0.013,0.96,0
261,01/01/2014,,FR,D,10.07,2.17,1.97,0.6,0.013,0.96,0
262,01/01/2012,31/07/2012,UK,A,1.19,1.58,1.3,0.97,0.018,1.45,1
263,01/01/2013,,FR,B,5.9,8.95,1.84,1.25,0.021,0.58,0
264,01/01/2016,30/04/2016,FR,A,3.33,7.6,1.07,1.03,0.0121,1.1,1
265,01/01/2013,,FR,D,7.39,0.8,1.89,0.38,0.021,0.58,0
266,01/01/2018,02/09/2018,FR,A,5.58,1.73,1.58,1.1,0.0102,1.72,1
267,01/01/2013,,PL,D,10.64,2.2,1.39,0.31,0.021,1.39,0
268,01/01/2014,08/10/2014,DE,A,4.26,3.69,0.68,0.75,0.013,2.18,1
269,01/01/2017,,PL,D,2.42,1.84,1.24,0.52,0.0099,4.81,0
270,01/01/2017,,DE,C,6.23,2.34,1.62,0.43,0.0099,2.16,0
271,01/01/2014,,FR,A,4.61,4.87,0.3,1.02,0.013,0.96,0
272,01/01/2017,08/12/2017,FR,C,3.69,2.14,0.58,0.31,0.0099,2.26,1
273,01/01/2014,,UK,C,5.03,6.62,0.29,1.03,0.013,2.95,0
274,01/01/2015,,UK,A,5.75,9.28,1.66,1.3,0.0116,2.35,0
275,01/01/2018,28/02/2018,DE,D,4.52,3.74,0.8,0.5,0.0102,1.43,1
276,01/01/2018,,FR,D,3.52,2.73,1.22,0.31,0.0102,1.72,0
277,01/01/2017,,FR,C,1.22,2.43,0.33,0.56,0.0099,2.26,0
278,01/01/2014,,PL,C,10.84,2.51,,0.37,0.013,3.32,0
279,01/01/2012,05/11/2012,UK,B,2.57,1.29,1.91,0.47,0.018,1.45,1
280,01/01/2012,,UK,A,10.28,0.8,0.98,0.3,0.018,1.45,0
281,01/01/2016,09/06/2016,UK,C,8.54,2.75,,0.52,0.0121,1.79,1
282,01/01/2014,,UK,D,10.22,0.9,0.97,0.59,0.013,2.95,0
283,01/01/2011,,PL,A,2.09,4.39,1.61,0.67,0.015,5.02,0
284,01/01/2013,,UK,B,3.37,0.93,1.82,0.27,0.021,2.05,0
285,01/01/2013,,UK,C,4.76,1.22,1.65,0.35,0.021,2.05,0
286,01/01/2016,,UK,A,2.1,2.29,1.28,0.75,0.0121,1.79,0
287,01/01/2011,19/02/2011,FR,C,2.8,5.82,,0.89,0.015,2.19,1
288,01/01/2015,01/04/2015,FR,B,5,1.57,1.62,1.18,0.0116,1.11,1
289,01/01/2014,24/09/2014,FR,C,5.35,2.49,0.68,0.67,0.013,0.96,1
290,01/01/2012,,UK,B,6.69,1.37,,0.89,0.018,1.45,0
291,01/01/2016,,FR,D,2.44,0.96,1.48,0.21,0.0121,1.1,0
292,01/01/2016,,PL,D,5.7,2.79,0.57,0.4,0.0121,3.06,0
293,01/01/2013,,UK,A,9.6,0.44,1.84,0.04,0.021,2.05,0
294,01/01/2016,,DE,D,8.7,2.64,,0.52,0.0121,2.24,0
295,01/01/2012,28/06/2012,FR,C,2.73,0.82,1.14,0.15,0.018,0.31,1
296,01/01/2018,02/04/2018,UK,A,2.21,1.7,0.71,0.82,0.0102,1.4,1
297,01/01/2013,17/05/2013,FR,D,4.03,2.33,1.85,0.25,0.021,0.58,1
298,01/01/2012,,UK,A,6.1,4.36,1.04,0.6,0.018,1.45,0
299,01/01/2016,25/05/2016,FR,A,3.39,1.18,0.51,0.6,0.0121,1.1,1
300,01/01/2012,28/07/2012,UK,D,2.01,5.05,0.48,0.67,0.018,1.45,1
301,01/01/2011,07/11/2011,DE,B,1,0.61,1.64,0.27,0.015,3.66,1
302,01/01/2018,,DE,D,8.96,1.6,1.9,0.82,0.0102,1.43,0
303,01/01/2014,17/11/2014,FR,A,5.38,2.05,0.49,0.21,0.013,0.96,1
304,01/01/2015,,UK,D,11.15,0.15,,0.1,0.0116,2.35,0
305,01/01/2012,,FR,C,5.69,1.15,1.37,0.52,0.018,0.31,0
306,01/01/2018,,FR,A,1.11,0.96,0.39,0.2,0.0102,1.72,0
307,01/01/2012,,FR,C,7.6,2.06,0.71,0.94,0.018,0.31,0
308,01/01/2014,,FR,C,11,1.27,,0.33,0.013,0.96,0
309,01/01/2017,,FR,C,2.84,6.17,0.84,0.7,0.0099,2.26,0
310,01/01/2015,03/01/2015,UK,D,5.62,1.61,1.6,0.42,0.0116,2.35,1
311,01/01/2018,01/03/2018,FR,A,3.92,1.41,0.95,1.63,0.0102,1.72,1
312,01/01/2015,,UK,C,5.04,0.31,0.56,0.21,0.0116,2.35,0
313,01/01/2017,,PL,A,4.76,0.59,1.1,0.11,0.0099,4.81,0
314,01/01/2013,,PL,A,9.2,0.46,1.8,0.14,0.021,1.39,0
315,01/01/2013,,FR,D,7.01,1.81,0.72,0.39,0.021,0.58,0
316,01/01/2017,,PL,B,4.63,6.29,1.37,0.91,0.0099,4.81,0
317,01/01/2016,,DE,C,9.66,1.4,1.39,0.63,0.0121,2.24,0
318,01/01/2014,,FR,A,9.83,3.05,0.56,0.39,0.013,0.96,0
319,01/01/2018,03/08/2018,FR,D,1.77,3.03,1.98,0.35,0.0102,1.72,1
320,01/01/2018,,DE,D,1.7,3.99,0.24,0.46,0.0102,1.43,0
321,01/01/2012,03/04/2012,UK,A,4.12,4.05,0.85,0.69,0.018,1.45,1
322,01/01/2013,,UK,A,5.23,1.32,1.79,0.17,0.021,2.05,0
323,01/01/2012,,FR,B,1.33,2.93,0.57,0.69,0.018,0.31,0
324,01/01/2013,,PL,C,4.86,0.43,1.76,0.35,0.021,1.39,0
325,01/01/2011,,UK,C,1.9,1.45,,0.34,0.015,1.64,0
326,01/01/2017,25/09/2017,UK,D,3.75,1.03,0.32,1.05,0.0099,1.82,1
327,01/01/2012,10/05/2012,FR,A,5.73,0.79,1.97,0.53,0.018,0.31,1
328,01/01/2013,13/11/2013,DE,A,2.53,1.97,0.93,0.4,0.021,0.49,1
329,01/01/2016,,DE,A,6.08,5.5,1.53,0.97,0.0121,2.24,0
330,01/01/2013,,PL,A,3.9,7.18,1.32,1,0.021,1.39,0
331,01/01/2012,,FR,C,9.86,12.01,1.85,1.34,0.018,0.31,0
332,01/01/2012,,UK,C,8.74,2.61,0.27,0.64,0.018,1.45,0
333,01/01/2011,07/03/2011,UK,A,2.45,1.56,0.95,1.2,0.015,1.64,1
334,01/01/2016,11/06/2016,DE,A,3.44,1.29,1.87,0.92,0.0121,2.24,1
335,01/01/2015,,DE,C,2.84,0.33,1.1,0.6,0.0116,1.74,0
336,01/01/2014,21/01/2014,FR,C,4.03,3.34,0.72,0.7,0.013,0.96,1
337,01/01/2014,01/07/2014,FR,C,1.91,0.51,1.27,0.68,0.013,0.96,1
338,01/01/2014,,UK,A,2.05,5.48,1.7,0.71,0.013,2.95,0
339,01/01/2018,03/03/2018,UK,A,2.4,4.68,1.12,0.51,0.0102,1.4,1
340,01/01/2016,,FR,C,2.45,2.03,0.55,0.92,0.0121,1.1,0
341,01/01/2017,04/08/2017,PL,C,8.03,1.35,1.56,0.59,0.0099,4.81,1
342,01/01/2012,15/12/2012,UK,C,6.05,5.73,0.58,1.34,0.018,1.45,1
343,01/01/2018,,DE,C,10.74,3.82,0.41,0.72,0.0102,1.43,0
344,01/01/2014,,UK,C,1.98,2.8,0.42,0.36,0.013,2.95,0
345,01/01/2017,,DE,D,2.16,2.59,0.74,0.46,0.0099,2.16,0
346,01/01/2018,,UK,A,4.09,4.91,1.37,0.6,0.0102,1.4,0
347,01/01/2017,,FR,A,3.57,1.62,,0.51,0.0099,2.26,0
348,01/01/2012,12/01/2012,DE,C,5.91,2.24,1.81,0.51,0.018,0.49,1
349,01/01/2016,,DE,C,1.45,1.74,1.61,0.59,0.0121,2.24,0
350,01/01/2013,,UK,A,2.92,0.46,1.06,0.06,0.021,2.05,0
351,01/01/2017,,DE,C,6.71,3.61,0.79,0.37,0.0099,2.16,0
352,01/01/2012,03/08/2012,UK,A,3.24,1.91,0.33,0.56,0.018,1.45,1
353,01/01/2016,,FR,A,11.17,0.57,1.28,0.16,0.0121,1.1,0
354,01/01/2015,,UK,C,3.53,2.11,0.36,0.25,0.0116,2.35,0
355,01/01/2015,10/07/2015,FR,B,2.59,2.04,,0.28,0.0116,1.11,1
356,01/01/2018,,PL,A,4.51,7.6,1.23,0.83,0.0102,5.15,0
357,01/01/2016,,UK,D,7.99,4.77,1.94,0.63,0.0121,1.79,0
358,01/01/2017,27/03/2017,UK,B,3.53,0.38,0.29,0.23,0.0099,1.82,1
359,01/01/2011,,UK,A,0.83,5.91,1.12,0.78,0.015,1.64,0
360,01/01/2014,,FR,D,7.59,5.46,0.54,0.64,0.013,0.96,0
361,01/01/2018,09/07/2018,UK,B,2.35,4.01,0.58,0.91,0.0102,1.4,1
362,01/01/2011,,FR,A,3.54,1.15,1.82,0.39,0.015,2.19,0
363,01/01/2018,20/10/2018,FR,B,4.97,2.71,0.48,0.59,0.0102,1.72,1
364,01/01/2015,,DE,C,2.52,1.77,,0.4,0.0116,1.74,0
365,01/01/2014,13/07/2014,UK,D,1.84,3.36,1.96,1.09,0.013,2.95,1
366,01/01/2018,,UK,C,7.47,5.41,1.27,0.75,0.0102,1.4,0
367,01/01/2011,,UK,B,2.53,5.37,,1.15,0.015,1.64,0
368,01/01/2016,26/07/2016,DE,D,4.77,2.88,1.07,0.33,0.0121,2.24,1
369,01/01/2017,,PL,A,4.62,5.06,1.04,0.86,0.0099,4.81,0
370,01/01/2017,27/06/2017,FR,A,6.77,0.63,0.52,0.22,0.0099,2.26,1
371,01/01/2014,,PL,A,2.4,4.01,0.46,0.59,0.013,3.32,0
372,01/01/2012,,UK,D,1.51,1.77,1.99,0.26,0.018,1.45,0
373,01/01/2018,,FR,D,2.86,5.28,1.89,1.04,0.0102,1.72,0
374,01/01/2014,29/03/2014,DE,A,2.11,1.42,1.05,0.39,0.013,2.18,1
375,01/01/2016,,PL,C,4.42,12.42,,1.43,0.0121,3.06,0
376,01/01/2013,,FR,C,1.27,1.97,,0.33,0.021,0.58,0
377,01/01/2012,,FR,D,6.62,1.17,1.26,0.85,0.018,0.31,0
378,01/01/2013,,UK,C,6.86,4.58,1.07,0.74,0.021,2.05,0
379,01/01/2012,,FR,D,4.39,0.53,1.96,0.76,0.018,0.31,0
380,01/01/2017,,FR,A,4.25,4.69,,0.74,0.0099,2.26,0
381,01/01/2016,28/02/2016,DE,A,4.3,0.88,1.27,0.28,0.0121,2.24,1
382,01/01/2014,,FR,A,4.15,3.4,0.73,0.46,0.013,0.96,0
383,01/01/2014,,UK,D,2.78,1.1,,0.31,0.013,2.95,0
384,01/01/2012,,FR,A,8.73,5.75,1.97,0.76,0.018,0.31,0
385,01/01/2014,16/07/2014,UK,A,7.24,2.19,1.82,0.4,0.013,2.95,1
386,01/01/2017,29/05/2017,UK,D,2.16,6.22,0.24,0.9,0.0099,1.82,1
387,01/01/2011,,FR,A,2.87,2.46,1.5,0.3,0.015,2.19,0
388,01/01/2018,,UK,D,6.9,4.03,,0.56,0.0102,1.4,0
389,01/01/2012,,FR,C,8.47,3.24,1.06,0.5,0.018,0.31,0
390,01/01/2014,14/03/2014,DE,D,6.57,3.17,0.79,1.36,0.013,2.18,1
391,01/01/2017,,PL,A,4.26,0.83,0.22,0.36,0.0099,4.81,0
392,01/01/2016,,UK,D,4.94,6.15,0.67,1.33,0.0121,1.79,0
393,01/01/2018,15/12/2018,UK,D,2.56,1.72,0.76,0.36,0.0102,1.4,1
394,01/01/2013,11/05/2013,FR,D,2.28,6.64,1.03,0.71,0.021,0.58,1
395,01/01/2013,,FR,A,4.99,1.12,1.51,0.19,0.021,0.58,0
396,01/01/2013,,PL,B,5.32,3.03,1.22,0.8,0.021,1.39,0
397,01/01/2015,,FR,D,2.98,3.43,1,0.51,0.0116,1.11,0
398,01/01/2015,,FR,A,9.6,2.5,0.92,1.11,0.0116,1.11,0
399,01/01/2013,17/09/2013,UK,A,2.49,4.59,0.48,0.63,0.021,2.05,1
400,01/01/2014,,UK,A,5.93,2.84,1.4,1.05,0.013,2.95,0
401,01/01/2014,,UK,A,3.9,1.92,,0.22,0.013,2.95,0
402,01/01/2016,,UK,C,12.48,2.57,1.09,0.67,0.0121,1.79,0
403,01/01/2012,18/05/2012,UK,C,6.88,0.85,,0.59,0.018,1.45,1
404,01/01/2013,,PL,B,2.98,3.34,0.43,0.5,0.021,1.39,0
405,01/01/2018,,FR,A,6.32,4.77,,0.61,0.0102,1.72,0
406,01/01/2017,19/05/2017,DE,C,3.62,6.67,1.98,1.11,0.0099,2.16,1
407,01/01/2016,13/02/2016,UK,D,3.25,1.29,0.88,0.25,0.0121,1.79,1
408,01/01/2013,,UK,D,5.15,4.08,0.85,0.65,0.021,2.05,0
409,01/01/2017,06/08/2017,PL,A,4.93,4.34,0.49,0.68,0.0099,4.81,1
410,01/01/2017,,UK,C,6.43,4.22,,0.57,0.0099,1.82,0
411,01/01/2013,,UK,C,4.5,1.74,1.87,0.47,0.021,2.05,0
412,01/01/2011,,DE,A,5.95,5.01,0.45,0.92,0.015,3.66,0
413,01/01/2011,,PL,A,8.06,3.03,,0.7,0.015,5.02,0
414,01/01/2014,,FR,D,4.85,2.13,1.99,0.36,0.013,0.96,0
415,01/01/2013,,UK,D,5.61,2,,0.33,0.021,2.05,0
416,01/01/2018,,UK,A,8.22,2.25,0.28,0.41,0.0102,1.4,0
417,01/01/2011,,FR,C,2.45,2.66,1.46,0.61,0.015,2.19,0
418,01/01/2015,31/03/2015,UK,A,5.09,1.84,0.99,0.79,0.0116,2.35,1
419,01/01/2012,30/08/2012,FR,B,2.82,3.66,0.25,0.43,0.018,0.31,1
420,01/01/2015,,FR,A,7.92,4.18,0.45,0.9,0.0116,1.11,0
421,01/01/2017,,UK,B,8.82,0.45,1.78,0.5,0.0099,1.82,0
422,01/01/2014,05/05/2014,UK,C,9.87,0.57,1.66,0.27,0.013,2.95,1
423,01/01/2013,,UK,A,3.88,1.14,,0.26,0.021,2.05,0
424,01/01/2011,25/01/2011,UK,B,3.49,0.28,1.68,0.23,0.015,1.64,1
425,01/01/2016,,FR,C,3.33,5.95,1.65,0.7,0.0121,1.1,0
426,01/01/2012,,FR,B,10.9,5.36,1.71,0.61,0.018,0.31,0
427,01/01/2017,06/10/2017,UK,A,3.12,1.21,1.16,0.44,0.0099,1.82,1
428,01/01/2011,28/04/2011,FR,A,6.08,2.41,1.21,0.37,0.015,2.19,1
429,01/01/2011,11/11/2011,UK,A,2.37,1.76,0.92,0.3,0.015,1.64,1
430,01/01/2016,24/11/2016,UK,A,5.86,1.41,1.47,0.23,0.0121,1.79,1
431,01/01/2011,,FR,C,2.45,5.45,,0.82,0.015,2.19,0
432,01/01/2016,,FR,C,5.42,3.11,0.48,0.52,0.0121,1.1,0
433,01/01/2012,,UK,C,4.69,7.31,1.42,0.8,0.018,1.45,0
434,01/01/2015,,DE,C,1.21,1.69,,0.74,0.0116,1.74,0
435,01/01/2015,10/11/2015,UK,C,4.93,5.52,1.91,0.56,0.0116,2.35,1
436,01/01/2014,,PL,A,9.5,5.43,1.23,0.81,0.013,3.32,0
437,01/01/2017,11/01/2017,UK,C,3.49,0.89,0.3,0.39,0.0099,1.82,1
438,01/01/2017,,UK,A,7.17,10.59,1.74,1.39,0.0099,1.82,0
439,01/01/2016,,UK,C,3.73,6.3,0.68,0.73,0.0121,1.79,0
440,01/01/2014,16/02/2014,UK,A,1.97,4.08,,0.58,0.013,2.95,1
441,01/01/2013,,UK,C,8.54,1.56,1.39,0.77,0.021,2.05,0
442,01/01/2017,28/04/2017,UK,A,6.22,1.47,1.84,0.94,0.0099,1.82,1
443,01/01/2013,08/06/2013,FR,A,5.24,1.1,1.61,0.54,0.021,0.58,1
444,01/01/2017,,PL,D,12.38,3.12,1.9,0.94,0.0099,4.81,0
445,01/01/2015,25/01/2015,DE,A,4.48,0.36,,0.33,0.0116,1.74,1
446,01/01/2018,,PL,A,1.56,6.1,,0.82,0.0102,5.15,0
447,01/01/2012,06/02/2012,DE,D,5.15,0.63,1.98,0.08,0.018,0.49,1
448,01/01/2015,,UK,D,5.59,1.19,,0.34,0.0116,2.35,0
449,01/01/2013,,PL,D,2.15,2.36,,0.44,0.021,1.39,0
450,01/01/2011,,FR,C,6.75,0.2,0.25,0.16,0.015,2.19,0
451,01/01/2012,14/11/2012,PL,A,1.67,1.27,,0.7,0.018,1.61,1
452,01/01/2016,,PL,C,3.04,3.1,1.99,0.4,0.0121,3.06,0
453,01/01/2016,,DE,B,6.39,6.37,0.69,0.77,0.0121,2.24,0
454,01/01/2014,,FR,A,4.09,0.13,0.69,0.1,0.013,0.96,0
455,01/01/2011,,UK,A,4.65,3.11,1.18,0.46,0.015,1.64,0
456,01/01/2018,04/10/2018,DE,D,3.71,2.28,,0.86,0.0102,1.43,1
457,01/01/2011,08/09/2011,UK,C,1.38,3.01,1.01,0.48,0.015,1.64,1
458,01/01/2013,29/09/2013,PL,D,2.92,1.97,,0.42,0.021,1.39,1
459,01/01/2011,,FR,A,1.39,13.07,,1.5,0.015,2.19,0
460,01/01/2014,30/05/2014,DE,C,2.4,3.08,,0.64,0.013,2.18,1
461,01/01/2014,,UK,C,3.91,1.99,1.3,0.28,0.013,2.95,0
462,01/01/2016,13/06/2016,UK,A,1.59,5.22,0.6,0.77,0.0121,1.79,1
463,01/01/2018,,FR,D,4.74,2.32,,0.78,0.0102,1.72,0
464,01/01/2015,,UK,D,1.03,3.35,0.76,0.39,0.0116,2.35,0
465,01/01/2017,,UK,B,18.94,1.05,1.82,0.34,0.0099,1.82,0
466,01/01/2016,,UK,A,6.24,1.65,0.28,0.25,0.0121,1.79,0
467,01/01/2017,,UK,A,5.65,3.51,0.69,1.47,0.0099,1.82,0
468,01/01/2014,,UK,C,3.11,4.49,1.47,0.51,0.013,2.95,0
469,01/01/2013,26/06/2013,FR,A,2.49,4.54,1.63,0.64,0.021,0.58,1
470,01/01/2014,,PL,C,0.99,1.01,,0.34,0.013,3.32,0
471,01/01/2011,,PL,D,7.59,4.54,0.79,0.54,0.015,5.02,0
472,01/01/2013,,UK,A,2.22,4.25,0.87,0.87,0.021,2.05,0
473,01/01/2018,,DE,A,1.82,0.66,1.81,1.04,0.0102,1.43,0
474,01/01/2017,,UK,A,2.45,2.83,0.86,0.45,0.0099,1.82,0
475,01/01/2017,,FR,A,3.64,1.04,0.24,0.31,0.0099,2.26,0
476,01/01/2018,,FR,C,15.36,0.59,1.01,0.22,0.0102,1.72,0
477,01/01/2017,,PL,D,8.51,3.95,0.53,0.47,0.0099,4.81,0
478,01/01/2012,01/12/2012,DE,A,3.91,1,1.49,0.11,0.018,0.49,1
479,01/01/2018,,PL,C,4.89,4.08,1.16,1.28,0.0102,5.15,0
480,01/01/2014,,FR,B,7.52,1.44,1.92,0.24,0.013,0.96,0
481,01/01/2016,,UK,B,1.34,0.43,0.94,0.08,0.0121,1.79,0
482,01/01/2018,,PL,C,6.87,1.64,1.01,0.43,0.0102,5.15,0
483,01/01/2013,,UK,D,3.42,6.24,1.48,0.65,0.021,2.05,0
484,01/01/2014,,PL,B,2.26,7.66,0.21,1.08,0.013,3.32,0
485,01/01/2014,,FR,C,3.95,3.01,1.83,0.57,0.013,0.96,0
486,01/01/2012,,UK,A,8.76,5.01,,0.82,0.018,1.45,0
487,01/01/2018,,FR,C,5.69,2.33,0.37,0.49,0.0102,1.72,0
488,01/01/2018,13/06/2018,FR,A,5.83,6.71,1.4,0.79,0.0102,1.72,1
489,01/01/2014,,PL,D,5.23,2.19,1.38,0.4,0.013,3.32,0
490,01/01/2016,,UK,A,4.96,4.68,0.52,0.83,0.0121,1.79,0
491,01/01/2011,,DE,D,1.92,11.54,1.94,1.58,0.015,3.66,0
492,01/01/2014,,DE,C,5.49,8.02,1,1.35,0.013,2.18,0
493,01/01/2016,,DE,A,1.08,2.26,1.14,1.24,0.0121,2.24,0
494,01/01/2012,,DE,B,0.8,4.28,0.35,0.6,0.018,0.49,0
495,01/01/2014,,FR,D,1.22,3.53,1.95,0.54,0.013,0.96,0
496,01/01/2013,,UK,C,3.38,1.09,1.3,0.4,0.021,2.05,0
497,01/01/2012,18/03/2012,UK,A,7.73,2.91,1.05,0.32,0.018,1.45,1
498,01/01/2016,12/03/2016,FR,D,1.67,3.24,,0.35,0.0121,1.1,1
499,01/01/2017,04/09/2017,UK,C,1.64,3.29,0.38,0.5,0.0099,1.82,1
500,01/01/2012,,DE,D,5.54,3.4,0.89,0.49,0.018,0.49,0
501,01/01/2012,,FR,A,1.86,2.62,1.13,0.45,0.018,0.31,0
502,01/01/2013,,DE,C,3.15,0.32,1.25,0.35,0.021,0.49,0
503,01/01/2016,27/08/2016,DE,B,4.5,3.47,0.83,0.55,0.0121,2.24,1
504,01/01/2011,29/06/2011,DE,A,1.45,5.26,1.81,0.64,0.015,3.66,1
505,01/01/2016,01/08/2016,FR,C,2.64,3.73,,0.9,0.0121,1.1,1
506,01/01/2012,,FR,C,2.17,5.76,0.97,2.08,0.018,0.31,0
507,01/01/2014,24/08/2014,DE,C,0.85,3,0.93,0.98,0.013,2.18,1
508,01/01/2011,,DE,D,8.78,8.07,1.97,0.93,0.015,3.66,0
509,01/01/2015,,UK,C,6.82,1.32,0.68,0.52,0.0116,2.35,0
510,01/01/2018,29/01/2018,DE,A,3.94,3.6,1.25,0.41,0.0102,1.43,1
511,01/01/2011,,UK,D,8.51,2.33,1.55,0.42,0.015,1.64,0
512,01/01/2013,,FR,A,5.5,3.25,1.27,0.36,0.021,0.58,0
513,01/01/2017,,PL,D,2.74,1.24,1.25,0.32,0.0099,4.81,0
514,01/01/2011,,FR,D,4.71,0.79,,0.13,0.015,2.19,0
515,01/01/2015,,PL,A,1.99,1.13,1.52,0.15,0.0116,3.84,0
516,01/01/2012,14/08/2012,DE,A,2.88,3.09,1.69,0.97,0.018,0.49,1
517,01/01/2017,03/07/2017,UK,A,0.52,7.39,0.34,0.93,0.0099,1.82,1
518,01/01/2011,12/08/2011,UK,C,7.74,2.23,1.26,0.33,0.015,1.64,1
519,01/01/2018,20/05/2018,DE,A,7.84,11.77,0.83,1.34,0.0102,1.43,1
520,01/01/2016,31/12/2016,UK,C,4.13,0.56,1.37,0.93,0.0121,1.79,1
521,01/01/2014,,UK,D,0.32,7.4,,0.9,0.013,2.95,0
522,01/01/2012,,DE,A,5.12,4.91,0.51,0.77,0.018,0.49,0
523,01/01/2012,,UK,A,0.37,4.57,1.88,0.66,0.018,1.45,0
524,01/01/2015,19/05/2015,FR,A,1.48,0.97,,0.18,0.0116,1.11,1
525,01/01/2014,,FR,C,3.67,2.48,1.71,0.33,0.013,0.96,0
526,01/01/2013,,UK,D,15.52,1.1,0.41,0.35,0.021,2.05,0
527,01/01/2016,,FR,A,2.94,4.7,0.92,0.71,0.0121,1.1,0
528,01/01/2012,,PL,A,6.43,8.89,0.4,0.95,0.018,1.61,0
529,01/01/2012,,UK,C,1.87,1.33,0.89,0.54,0.018,1.45,0
530,01/01/2012,27/11/2012,DE,B,1.6,13.28,1.03,2.26,0.018,0.49,1
531,01/01/2017,,PL,D,4.27,8.51,1.24,0.94,0.0099,4.81,0
532,01/01/2015,,FR,D,10.13,2.15,,0.43,0.0116,1.11,0
533,01/01/2013,,UK,C,4.1,2.05,0.78,0.66,0.021,2.05,0
534,01/01/2015,,UK,C,8.7,1.71,0.32,0.34,0.0116,2.35,0
535,01/01/2012,,FR,A,3.92,0.7,1.3,0.15,0.018,0.31,0
536,01/01/2014,,DE,D,1.72,3.89,0.42,0.96,0.013,2.18,0
537,01/01/2012,31/01/2012,UK,A,1.15,10.81,0.83,1.56,0.018,1.45,1
538,01/01/2018,,UK,C,3.81,2.84,1.58,0.75,0.0102,1.4,0
539,01/01/2015,,DE,A,11.4,4.52,0.54,1.05,0.0116,1.74,0
540,01/01/2018,,FR,C,0.58,4.09,1.11,0.59,0.0102,1.72,0
541,01/01/2018,,PL,C,2.82,3.31,1.66,0.35,0.0102,5.15,0
542,01/01/2011,,FR,D,4.26,1.43,0.69,0.32,0.015,2.19,0
543,01/01/2018,,FR,A,3.12,3.43,1.54,0.37,0.0102,1.72,0
544,01/01/2011,,DE,C,5.15,1.33,,0.77,0.015,3.66,0
545,01/01/2012,,DE,A,5.69,8.4,,1.15,0.018,0.49,0
546,01/01/2011,,FR,C,2.47,1.32,0.93,0.16,0.015,2.19,0
547,01/01/2011,17/04/2011,FR,D,0.47,0.83,0.9,0.17,0.015,2.19,1
548,01/01/2012,,FR,A,5.27,0.29,1.06,0.09,0.018,0.31,0
549,01/01/2014,,UK,C,4.29,2.31,,0.29,0.013,2.95,0
550,01/01/2013,,FR,C,3.15,1.82,0.24,0.61,0.021,0.58,0
551,01/01/2013,,UK,A,4.69,2.43,1.7,0.26,0.021,2.05,0
552,01/01/2013,,UK,C,3.55,1.03,1.64,0.17,0.021,2.05,0
553,01/01/2013,01/06/2013,UK,B,3.83,0.27,1.87,0.51,0.021,2.05,1
554,01/01/2015,,DE,A,12.01,2,0.94,0.68,0.0116,1.74,0
555,01/01/2014,,UK,A,3.68,8.22,1.26,1,0.013,2.95,0
556,01/01/2017,08/05/2017,FR,A,3.03,1.26,0.38,0.71,0.0099,2.26,1
557,01/01/2012,,UK,D,7.46,1.59,0.94,0.7,0.018,1.45,0
558,01/01/2012,,PL,D,5.06,8.69,,1.64,0.018,1.61,0
559,01/01/2013,,FR,C,14.92,6.81,0.37,0.91,0.021,0.58,0
560,01/01/2018,,DE,D,3.49,1.99,1.46,0.36,0.0102,1.43,0
561,01/01/2011,,PL,A,9.33,3.09,1.65,0.81,0.015,5.02,0
562,01/01/2015,,PL,A,10.26,1.44,,0.39,0.0116,3.84,0
563,01/01/2014,25/05/2014,PL,D,3.8,1.2,1.71,0.32,0.013,3.32,1
564,01/01/2018,,PL,A,3.11,1.07,0.76,0.67,0.0102,5.15,0
565,01/01/2017,,PL,A,5.45,2.18,1.24,0.3,0.0099,4.81,0
566,01/01/2017,,FR,B,1.48,3.07,0.59,0.5,0.0099,2.26,0
567,01/01/2017,14/08/2017,UK,A,2.8,1.09,0.29,0.61,0.0099,1.82,1
568,01/01/2012,,PL,A,4.05,4.4,1.95,0.48,0.018,1.61,0
569,01/01/2014,01/06/2014,DE,B,1.58,0.86,0.4,0.41,0.013,2.18,1
570,01/01/2013,,UK,B,4.96,5.09,1.79,0.6,0.021,2.05,0
571,01/01/2015,,DE,A,2.99,0.88,1.55,0.22,0.0116,1.74,0
572,01/01/2018,,FR,C,3.03,1.58,0.48,0.77,0.0102,1.72,0
573,01/01/2018,,FR,A,8.29,1.29,0.51,0.35,0.0102,1.72,0
574,01/01/2013,13/10/2013,PL,D,1.37,3.62,0.61,0.46,0.021,1.39,1
575,01/01/2016,,UK,A,5.52,0.96,1.92,0.45,0.0121,1.79,0
576,01/01/2018,,PL,A,3,3.57,,0.71,0.0102,5.15,0
577,01/01/2011,,UK,C,3.85,10.27,,1.09,0.015,1.64,0
578,01/01/2014,,PL,A,6.6,1.18,0.33,0.43,0.013,3.32,0
579,01/01/2018,27/04/2018,FR,A,2.71,3.91,0.38,0.53,0.0102,1.72,1
580,01/01/2016,,FR,D,0.55,1.85,0.75,0.23,0.0121,1.1,0
581,01/01/2012,,UK,A,3.9,0.42,1.7,0.29,0.018,1.45,0
582,01/01/2012,,FR,A,2.67,7.98,0.78,1.02,0.018,0.31,0
583,01/01/2016,,UK,C,3.81,4.77,0.33,0.9,0.0121,1.79,0
584,01/01/2017,,FR,A,1.57,0.94,1.04,0.29,0.0099,2.26,0
585,01/01/2015,,FR,D,9.07,3.46,0.42,0.54,0.0116,1.11,0
586,01/01/2014,,DE,A,4.62,1.92,0.65,0.58,0.013,2.18,0
587,01/01/2014,,PL,D,2.76,1.22,0.75,0.4,0.013,3.32,0
588,01/01/2018,,FR,A,1.95,1.85,0.48,0.26,0.0102,1.72,0
589,01/01/2011,,DE,A,1.84,1.99,0.38,0.46,0.015,3.66,0
590,01/01/2017,,DE,C,7.05,4,0.48,0.57,0.0099,2.16,0
591,01/01/2016,23/12/2016,UK,A,5.08,0.81,0.96,0.14,0.0121,1.79,1
592,01/01/2018,,UK,C,4.05,8.5,1.09,0.96,0.0102,1.4,0
593,01/01/2013,04/08/2013,FR,B,4.62,3.82,1.42,0.77,0.021,0.58,1
594,01/01/2013,,FR,C,3.13,1.38,0.37,0.18,0.021,0.58,0
595,01/01/2012,15/08/2012,UK,A,3.05,2.95,0.93,0.63,0.018,1.45,1
596,01/01/2016,,PL,A,7.48,0.91,1.49,0.25,0.0121,3.06,0
597,01/01/2018,,UK,A,7.43,0.45,1.47,0.17,0.0102,1.4,0
598,01/01/2011,13/04/2011,UK,A,3.52,3.6,1.31,0.4,0.015,1.64,1
599,01/01/2016,,DE,A,6.23,10.77,1.07,1.38,0.0121,2.24,0
600,01/01/2014,,DE,D,6.28,3.01,,0.42,0.013,2.18,0
601,01/01/2018,,DE,A,3.76,3.94,1.31,1.63,0.0102,1.43,0
602,01/01/2012,,FR,D,2.38,0.98,1.8,0.12,0.018,0.31,0
603,01/01/2017,,UK,D,5.55,1.2,,0.4,0.0099,1.82,0
604,01/01/2014,,UK,C,3.26,0.99,1.5,0.24,0.013,2.95,0
605,01/01/2017,22/08/2017,DE,C,2.83,9.53,0.7,1.15,0.0099,2.16,1
606,01/01/2017,,DE,A,7.27,2.49,,0.4,0.0099,2.16,0
607,01/01/2015,,FR,D,6.98,0.4,1.75,0.12,0.0116,1.11,0
608,01/01/2016,,UK,A,15.24,1.73,0.6,0.5,0.0121,1.79,0
609,01/01/2016,,FR,D,7.14,2.62,0.92,0.3,0.0121,1.1,0
610,01/01/2013,22/09/2013,FR,C,9.65,1.29,0.2,0.19,0.021,0.58,1
611,01/01/2017,,PL,A,10.7,2.16,1.34,0.49,0.0099,4.81,0
612,01/01/2013,,PL,B,2.79,5.95,,1.08,0.021,1.39,0
613,01/01/2012,,FR,A,6.33,6.08,1.43,0.94,0.018,0.31,0
614,01/01/2012,13/05/2012,FR,C,2.92,1.47,0.75,0.4,0.018,0.31,1
615,01/01/2013,,DE,D,4.91,1.32,,0.32,0.021,0.49,0
616,01/01/2018,,PL,D,0.4,1.93,0.34,0.37,0.0102,5.15,0
617,01/01/2013,,DE,C,4.08,7.82,1.45,1.25,0.021,0.49,0
618,01/01/2018,,PL,D,6.89,2.93,0.53,0.36,0.0102,5.15,0
619,01/01/2017,,UK,B,3.52,3.05,0.42,0.61,0.0099,1.82,0
620,01/01/2011,,UK,C,3.53,0.46,0.42,0.27,0.015,1.64,0
621,01/01/2012,,FR,A,2.83,1.78,,0.46,0.018,0.31,0
622,01/01/2017,,FR,C,3.1,3.18,1.64,0.55,0.0099,2.26,0
623,01/01/2012,15/08/2012,DE,D,0.15,2.2,1.87,0.41,0.018,0.49,1
624,01/01/2014,,UK,D,9.14,1.01,1.94,0.31,0.013,2.95,0
625,01/01/2014,,DE,C,6.64,6.23,1.44,1.45,0.013,2.18,0
626,01/01/2016,04/02/2016,FR,B,4.99,1.48,0.74,0.34,0.0121,1.1,1
627,01/01/2013,,UK,A,2.72,2.02,0.41,0.26,0.021,2.05,0
628,01/01/2015,,PL,C,4.34,1.21,0.44,0.15,0.0116,3.84,0
629,01/01/2013,,PL,A,2.47,0.72,1.82,0.37,0.021,1.39,0
630,01/01/2014,,DE,D,9.67,3.07,1.85,0.35,0.013,2.18,0
631,01/01/2017,,FR,C,4.32,2.53,1.26,1.1,0.0099,2.26,0
632,01/01/2013,,FR,A,1.55,0.24,0.78,0.26,0.021,0.58,0
633,01/01/2014,18/08/2014,FR,A,3.43,3.2,0.37,0.39,0.013,0.96,1
634,01/01/2016,,UK,A,5.1,6.56,,0.93,0.0121,1.79,0
635,01/01/2011,,DE,C,12.13,2.62,1.85,0.73,0.015,3.66,0
636,01/01/2016,22/08/2016,UK,A,1.47,0.87,1.83,0.64,0.0121,1.79,1
637,01/01/2011,,FR,A,7.39,2.92,,0.41,0.015,2.19,0
638,01/01/2014,,FR,D,6.37,3.47,1.05,0.37,0.013,0.96,0
639,01/01/2015,,UK,A,3.96,3.28,1.72,0.86,0.0116,2.35,0
640,01/01/2018,,DE,D,2.16,1.17,0.48,0.19,0.0102,1.43,0
641,01/01/2016,10/08/2016,UK,C,1.42,2.53,1.32,0.26,0.0121,1.79,1
642,01/01/2012,,UK,D,1.79,0.55,1.39,0.66,0.018,1.45,0
643,01/01/2018,06/04/2018,FR,A,5.2,0.53,1.41,0.1,0.0102,1.72,1
644,01/01/2017,,DE,A,2.67,0.49,1.14,0.28,0.0099,2.16,0
645,01/01/2014,25/08/2014,UK,B,1.58,5.81,1.14,0.74,0.013,2.95,1
646,01/01/2017,,UK,C,8.53,0.65,1.05,0.21,0.0099,1.82,0
647,01/01/2016,19/09/2016,DE,A,4.35,6.57,,0.75,0.0121,2.24,1
648,01/01/2011,07/03/2011,FR,A,4.35,4.44,0.96,0.74,0.015,2.19,1
649,01/01/2011,,UK,B,4.75,2.45,0.29,0.42,0.015,1.64,0
650,01/01/2018,,FR,A,7.93,1.74,1.91,1.16,0.0102,1.72,0
651,01/01/2018,,DE,A,2.67,7.26,0.24,0.97,0.0102,1.43,0
652,01/01/2013,,DE,C,16.45,4.12,1.73,1.05,0.021,0.49,0
653,01/01/2011,,FR,A,5.07,2.71,0.33,0.58,0.015,2.19,0
654,01/01/2012,,FR,C,5.75,2.12,1.19,0.7,0.018,0.31,0
655,01/01/2016,21/05/2016,FR,A,3.68,1.66,1.42,0.6,0.0121,1.1,1
656,01/01/2014,03/10/2014,PL,A,2.68,2.89,0.55,0.41,0.013,3.32,1
657,01/01/2011,,UK,B,5.73,2.52,1.94,0.33,0.015,1.64,0
658,01/01/2014,,UK,A,3.93,11.81,0.86,2,0.013,2.95,0
659,01/01/2018,,FR,B,1.74,3.55,1.01,0.38,0.0102,1.72,0
660,01/01/2016,,DE,D,1.48,2.05,1.06,0.29,0.0121,2.24,0
661,01/01/2012,,UK,C,5.38,11.7,0.48,1.51,0.018,1.45,0
662,01/01/2012,,UK,C,6.12,5.52,,0.76,0.018,1.45,0
663,01/01/2016,,FR,C,6.46,1.16,0.39,0.28,0.0121,1.1,0
664,01/01/2015,15/10/2015,UK,D,1.31,1.89,1.89,0.26,0.0116,2.35,1
665,01/01/2014,,UK,A,4.49,4.39,,0.51,0.013,2.95,0
666,01/01/2012,12/04/2012,FR,B,1.63,1.55,0.84,0.28,0.018,0.31,1
667,01/01/2013,,PL,A,4.6,0.93,1.4,0.16,0.021,1.39,0
668,01/01/2012,21/06/2012,UK,A,4.33,2.51,1.23,0.8,0.018,1.45,1
669,01/01/2016,30/07/2016,UK,C,3.49,3.15,1.19,0.51,0.0121,1.79,1
670,01/01/2013,,FR,A,4.91,3.72,1.97,0.51,0.021,0.58,0
671,01/01/2013,,PL,A,7.39,0.19,,0.33,0.021,1.39,0
672,01/01/2012,,FR,A,12.34,2.72,1.54,0.44,0.018,0.31,0
673,01/01/2013,,UK,D,1.86,1.5,1.53,0.62,0.021,2.05,0
674,01/01/2016,,DE,C,2.27,1.79,1.93,0.23,0.0121,2.24,0
675,01/01/2014,,UK,B,4.82,1.71,1.98,0.75,0.013,2.95,0
676,01/01/2015,,FR,C,10.97,2.92,1.18,0.47,0.0116,1.11,0
677,01/01/2013,,UK,C,5.72,3.28,0.42,0.4,0.021,2.05,0
678,01/01/2016,,DE,D,2.59,5.86,0.45,0.98,0.0121,2.24,0
679,01/01/2018,05/12/2018,UK,C,8.84,3.68,1.63,1.14,0.0102,1.4,1
680,01/01/2018,,PL,A,6.38,6.33,,0.66,0.0102,5.15,0
681,01/01/2015,,FR,A,9.03,0.51,0.75,1.07,0.0116,1.11,0
682,01/01/2012,,PL,A,3.99,0.48,0.6,0.27,0.018,1.61,0
683,01/01/2014,,PL,C,13.89,8.06,,1.26,0.013,3.32,0
684,01/01/2011,24/01/2011,FR,A,6.65,1.88,0.62,0.23,0.015,2.19,1
685,01/01/2017,12/07/2017,FR,A,3.44,0.86,1.45,0.21,0.0099,2.26,1
686,01/01/2018,,FR,A,4.85,6,0.99,0.77,0.0102,1.72,0
687,01/01/2013,,FR,D,11.02,5.46,0.81,0.6,0.021,0.58,0
688,01/01/2017,10/05/2017,PL,C,1.43,3.79,1.17,0.45,0.0099,4.81,1
689,01/01/2015,,FR,C,7.66,1.9,1.36,0.97,0.0116,1.11,0
690,01/01/2013,,DE,A,4.36,0.22,1.92,0.38,0.021,0.49,0
691,01/01/2017,,DE,D,8.85,7.39,,0.93,0.0099,2.16,0
692,01/01/2014,,FR,A,1.46,11.66,1.14,1.28,0.013,0.96,0
693,01/01/2015,,UK,A,4.13,1.38,0.82,0.38,0.0116,2.35,0
694,01/01/2011,,UK,C,3.57,3.87,1.46,0.83,0.015,1.64,0
695,01/01/2014,27/06/2014,UK,A,2.56,1.46,,0.45,0.013,2.95,1
696,01/01/2017,,DE,D,5.16,5.52,1.56,0.67,0.0099,2.16,0
697,01/01/2016,,FR,A,9,1.4,1.64,0.63,0.0121,1.1,0
698,01/01/2014,,FR,B,1.34,5.87,1.29,1.05,0.013,0.96,0
699,01/01/2018,04/02/2018,UK,D,4.37,1.33,0.31,0.42,0.0102,1.4,1
700,01/01/2012,,UK,C,6.64,1.19,1.69,0.15,0.018,1.45,0
701,01/01/2014,,FR,C,4.41,2.7,1.65,0.71,0.013,0.96,0
702,01/01/2018,,UK,A,8.32,8.34,,0.95,0.0102,1.4,0
703,01/01/2013,05/03/2013,UK,C,6.8,1.17,0.42,0.45,0.021,2.05,1
704,01/01/2018,,PL,D,5.81,4.86,,0.95,0.0102,5.15,0
705,01/01/2013,07/12/2013,PL,A,1.2,0.55,1.37,0.34,0.021,1.39,1
706,01/01/2012,,UK,D,8.8,3.36,1.75,0.72,0.018,1.45,0
707,01/01/2017,04/11/2017,FR,A,1.54,0.48,1.03,0.16,0.0099,2.26,1
708,01/01/2011,,PL,A,6.04,1.52,0.53,0.35,0.015,5.02,0
709,01/01/2013,,UK,C,1.4,3.08,1.32,0.38,0.021,2.05,0
710,01/01/2013,,UK,C,5.29,1.89,,0.3,0.021,2.05,0
711,01/01/2015,17/07/2015,PL,A,2.26,2.36,1.04,1.14,0.0116,3.84,1
712,01/01/2013,,UK,A,3.98,6.62,,0.84,0.021,2.05,0
713,01/01/2011,,DE,A,3.94,10.04,,1.07,0.015,3.66,0
714,01/01/2016,,UK,C,3.97,5.87,1.32,1.14,0.0121,1.79,0
715,01/01/2015,26/10/2015,FR,A,1.52,1.21,1.99,0.34,0.0116,1.11,1
716,01/01/2012,,DE,A,3.94,1.14,1.69,0.39,0.018,0.49,0
717,01/01/2018,,DE,A,1.83,4.21,0.84,0.53,0.0102,1.43,0
718,01/01/2011,25/05/2011,UK,A,5.5,11.6,1.86,1.5,0.015,1.64,1
719,01/01/2012,,FR,D,7.06,5.62,0.84,0.87,0.018,0.31,0
720,01/01/2015,30/11/2015,PL,A,5.59,3.25,0.73,0.45,0.0116,3.84,1
721,01/01/2014,,FR,C,16.31,0.48,1.56,0.63,0.013,0.96,0
722,01/01/2017,,DE,A,4.94,0.17,0.56,0.26,0.0099,2.16,0
723,01/01/2013,,UK,C,1.21,3.08,1.77,0.39,0.021,2.05,0
724,01/01/2014,,FR,A,2.06,5.29,,0.63,0.013,0.96,0
725,01/01/2017,02/03/2017,UK,C,3.09,5.98,1.3,1.29,0.0099,1.82,1
726,01/01/2011,06/08/2011,DE,B,3.5,1.37,0.7,0.35,0.015,3.66,1
727,01/01/2013,,DE,D,3.94,0.75,0.57,0.19,0.021,0.49,0
728,01/01/2012,25/09/2012,FR,A,3.13,0.93,1.57,0.26,0.018,0.31,1
729,01/01/2018,,FR,C,2.85,3.06,0.84,0.48,0.0102,1.72,0
730,01/01/2015,07/08/2015,FR,B,6.9,6.19,1.81,0.84,0.0116,1.11,1
731,01/01/2013,,FR,D,4.48,5.28,0.71,0.8,0.021,0.58,0
732,01/01/2016,,UK,B,8.68,2.55,0.32,0.74,0.0121,1.79,0
733,01/01/2018,30/04/2018,DE,B,2.31,5.13,,0.53,0.0102,1.43,1
734,01/01/2016,05/12/2016,DE,A,2.68,8.59,1.97,0.95,0.0121,2.24,1
735,01/01/2011,,UK,D,6.04,0.53,0.77,0.62,0.015,1.64,0
736,01/01/2011,,FR,A,3.84,0.03,0.45,0.33,0.015,2.19,0
737,01/01/2011,,UK,D,7.64,6.86,1.23,0.73,0.015,1.64,0
738,01/01/2013,,FR,A,5.21,2.71,1.67,0.51,0.021,0.58,0
739,01/01/2017,,PL,D,12.37,0.85,1.33,0.22,0.0099,4.81,0
740,01/01/2013,22/01/2013,DE,A,4.76,1.31,,0.34,0.021,0.49,1
741,01/01/2018,,UK,A,7.24,1.71,0.79,0.59,0.0102,1.4,0
742,01/01/2017,,FR,A,3.58,4.28,1.36,0.61,0.0099,2.26,0
743,01/01/2014,,UK,D,1.61,0.77,0.51,0.55,0.013,2.95,0
744,01/01/2016,,UK,A,0.64,0.64,1.47,0.17,0.0121,1.79,0
745,01/01/2017,,UK,C,3.95,2.34,1.13,0.37,0.0099,1.82,0
746,01/01/2013,,DE,C,0.81,5.99,1.24,0.6,0.021,0.49,0
747,01/01/2015,26/09/2015,DE,D,7.38,1.39,0.45,0.43,0.0116,1.74,1
748,01/01/2012,,FR,B,5.72,2.74,0.44,1.12,0.018,0.31,0
749,01/01/2014,,DE,A,9.25,1.43,1.17,0.58,0.013,2.18,0
750,01/01/2015,,FR,A,6.16,0.11,1.02,0.33,0.0116,1.11,0
751,01/01/2014,,FR,C,1.32,2.53,1.5,0.42,0.013,0.96,0
752,01/01/2012,13/01/2012,FR,D,2.15,3.16,1.78,0.46,0.018,0.31,1
753,01/01/2011,,FR,A,11.33,2.14,1.53,0.34,0.015,2.19,0
754,01/01/2017,14/03/2017,PL,C,2.64,2.36,0.67,0.45,0.0099,4.81,1
755,01/01/2013,,UK,B,6.84,3.47,0.4,0.89,0.021,2.05,0
756,01/01/2013,11/01/2013,DE,A,2.4,2.83,1.81,0.55,0.021,0.49,1
757,01/01/2018,,FR,D,5.41,2.85,1.6,0.32,0.0102,1.72,0
758,01/01/2014,,UK,A,3.37,0.89,0.33,0.41,0.013,2.95,0
759,01/01/2017,,UK,C,1.01,7.97,1.83,1.3,0.0099,1.82,0
760,01/01/2016,04/01/2016,FR,A,2.56,2.44,0.56,0.31,0.0121,1.1,1
761,01/01/2017,,UK,A,4.36,7.67,0.25,1.18,0.0099,1.82,0
762,01/01/2015,,UK,A,4.46,4.48,1.71,0.53,0.0116,2.35,0
763,01/01/2013,,DE,A,4.09,3.76,0.63,0.53,0.021,0.49,0
764,01/01/2018,29/01/2018,UK,C,3.3,3.76,1.15,0.66,0.0102,1.4,1
765,01/01/2016,08/06/2016,FR,D,3.2,1.95,1.89,0.21,0.0121,1.1,1
766,01/01/2016,,UK,C,5.56,5.83,0.28,1.08,0.0121,1.79,0
767,01/01/2013,,FR,B,5.08,3.91,1.48,0.41,0.021,0.58,0
768,01/01/2014,,FR,A,1.13,3.84,1.35,0.39,0.013,0.96,0
769,01/01/2016,,DE,C,4.22,4.5,1.47,0.77,0.0121,2.24,0
770,01/01/2011,,PL,D,2.74,0.82,0.94,0.1,0.015,5.02,0
771,01/01/2017,,UK,A,2.22,1.46,1.67,0.37,0.0099,1.82,0
772,01/01/2014,,PL,A,8.45,2.95,0.6,0.43,0.013,3.32,0
773,01/01/2016,,UK,C,3.94,0.57,1.87,0.28,0.0121,1.79,0
774,01/01/2014,13/06/2014,UK,A,3.34,0.65,1.04,0.45,0.013,2.95,1
775,01/01/2018,04/02/2018,DE,D,5.23,0.32,1.97,0.24,0.0102,1.43,1
776,01/01/2014,,FR,D,8.59,1.73,1.73,0.22,0.013,0.96,0
777,01/01/2015,15/07/2015,DE,C,6.3,1.37,1.28,0.21,0.0116,1.74,1
778,01/01/2017,,FR,C,4.37,2.23,1.49,0.25,0.0099,2.26,0
779,01/01/2018,14/11/2018,UK,B,1.82,0.96,1.31,0.53,0.0102,1.4,1
780,01/01/2015,,UK,A,7.12,2.35,0.98,0.53,0.0116,2.35,0
781,01/01/2016,,PL,C,2.47,0.15,1.05,1.36,0.0121,3.06,0
782,01/01/2012,28/02/2012,UK,D,1.03,2.74,1.81,0.53,0.018,1.45,1
783,01/01/2015,17/07/2015,PL,A,3.76,4.11,,0.81,0.0116,3.84,1
784,01/01/2015,,PL,A,1.39,1.56,0.49,0.57,0.0116,3.84,0
785,01/01/2013,,UK,D,1.73,6.15,0.31,1.32,0.021,2.05,0
786,01/01/2017,,FR,C,4.28,1.52,1.18,0.22,0.0099,2.26,0
787,01/01/2013,26/12/2013,FR,A,9.39,4.28,,0.49,0.021,0.58,1
788,01/01/2016,,FR,C,12,4.55,1.2,0.74,0.0121,1.1,0
789,01/01/2017,,FR,B,2.87,3.79,1.7,0.6,0.0099,2.26,0
790,01/01/2016,,UK,C,3.44,0.79,1.66,0.16,0.0121,1.79,0
791,01/01/2013,,UK,A,4.83,4.71,1.09,0.86,0.021,2.05,0
792,01/01/2012,,UK,A,5.62,2.12,0.33,0.32,0.018,1.45,0
793,01/01/2018,,FR,A,8.27,2.4,,0.56,0.0102,1.72,0
794,01/01/2018,,UK,C,7.39,2.42,0.26,0.46,0.0102,1.4,0
795,01/01/2018,,PL,A,1.4,3.33,0.83,0.81,0.0102,5.15,0
796,01/01/2014,,FR,A,13.48,7.73,,1.18,0.013,0.96,0
797,01/01/2013,,DE,B,8.3,1.61,,0.19,0.021,0.49,0
798,01/01/2016,24/01/2016,UK,C,4.68,0.96,0.68,0.4,0.0121,1.79,1
799,01/01/2017,,UK,D,11.5,3.28,,0.34,0.0099,1.82,0
800,01/01/2011,04/06/2011,UK,D,3.28,1.36,1.11,0.3,0.015,1.64,1
801,01/01/2014,,UK,D,4.92,3.45,0.63,0.6,0.013,2.95,0
802,01/01/2015,,UK,D,9.15,3.65,1.25,0.63,0.0116,2.35,0
803,01/01/2012,,UK,A,9.08,11.92,0.9,1.3,0.018,1.45,0
804,01/01/2014,,DE,A,3.06,1.02,0.44,0.6,0.013,2.18,0
805,01/01/2017,05/01/2017,UK,C,3.38,2.07,0.28,0.58,0.0099,1.82,1
806,01/01/2012,08/10/2012,DE,A,5.34,0.7,0.56,0.51,0.018,0.49,1
807,01/01/2012,,UK,C,5.91,3.13,1.82,0.47,0.018,1.45,0
808,01/01/2017,,FR,C,8.52,6.36,0.61,0.75,0.0099,2.26,0
809,01/01/2014,,PL,A,2.82,1.7,0.25,0.61,0.013,3.32,0
810,01/01/2015,11/04/2015,UK,A,3.37,0.72,1.86,0.09,0.0116,2.35,1
811,01/01/2018,,PL,C,2.01,0.55,1.03,0.23,0.0102,5.15,0
812,01/01/2018,12/12/2018,UK,A,2.44,2.22,1.26,0.27,0.0102,1.4,1
813,01/01/2015,,UK,A,7.52,2.01,1.38,0.38,0.0116,2.35,0
814,01/01/2013,27/03/2013,DE,C,4.58,0.07,0.44,0.05,0.021,0.49,1
815,01/01/2013,,PL,C,15.8,1.67,1.44,1.11,0.021,1.39,0
816,01/01/2018,,PL,C,4.36,2.28,1.82,0.32,0.0102,5.15,0
817,01/01/2011,,UK,B,4.43,3.12,1.28,0.96,0.015,1.64,0
818,01/01/2018,,UK,D,12.56,2.12,,0.41,0.0102,1.4,0
819,01/01/2018,,PL,D,3.69,3.16,,0.49,0.0102,5.15,0
820,01/01/2017,31/01/2017,FR,C,4.36,3.9,,0.47,0.0099,2.26,1
821,01/01/2012,,FR,D,11.63,1.87,0.35,0.54,0.018,0.31,0
822,01/01/2012,,UK,D,4.11,2.26,0.35,0.67,0.018,1.45,0
823,01/01/2011,,FR,D,14.08,6.22,1.17,0.67,0.015,2.19,0
824,01/01/2015,27/04/2015,FR,B,1.99,7.17,,0.73,0.0116,1.11,1
825,01/01/2015,,UK,B,12.13,1.41,0.71,1.12,0.0116,2.35,0
826,01/01/2013,06/12/2013,UK,C,3.84,0.03,0.74,0.17,0.021,2.05,1
827,01/01/2012,,PL,C,2.99,1.27,0.89,1.68,0.018,1.61,0
828,01/01/2015,,UK,C,2.23,3.29,1.95,0.39,0.0116,2.35,0
829,01/01/2014,,FR,D,5.23,2.15,1.83,1.16,0.013,0.96,0
830,01/01/2016,,UK,A,5.22,0.59,1.17,0.55,0.0121,1.79,0
831,01/01/2018,,FR,A,11.14,5.79,1.98,0.63,0.0102,1.72,0
832,01/01/2012,13/01/2012,UK,B,1.92,3.82,1.46,0.63,0.018,1.45,1
833,01/01/2018,,DE,D,14.74,2.07,0.96,0.55,0.0102,1.43,0
834,01/01/2016,,PL,D,3.39,2.36,0.65,0.73,0.0121,3.06,0
835,01/01/2016,,PL,D,3.2,0.83,0.83,0.47,0.0121,3.06,0
836,01/01/2014,,FR,B,6.41,9.31,,1.27,0.013,0.96,0
837,01/01/2014,,PL,C,1.88,2.87,0.21,1.14,0.013,3.32,0
838,01/01/2013,,FR,C,6.58,1.99,,0.59,0.021,0.58,0
839,01/01/2013,,FR,C,4.96,1.8,0.92,0.25,0.021,0.58,0
840,01/01/2014,,UK,D,7.4,0.39,1.79,0.31,0.013,2.95,0
841,01/01/2017,,PL,A,5.48,0.33,0.51,0.19,0.0099,4.81,0
842,01/01/2013,,UK,C,6.47,3.41,1.92,0.64,0.021,2.05,0
843,01/01/2012,,DE,C,2.07,1.91,1.97,0.26,0.018,0.49,0
844,01/01/2011,14/10/2011,UK,C,3.95,2.45,,0.36,0.015,1.64,1
845,01/01/2016,,PL,C,6.98,3.06,,0.71,0.0121,3.06,0
846,01/01/2016,04/10/2016,DE,C,3.89,1.71,1.81,0.55,0.0121,2.24,1
847,01/01/2015,28/02/2015,FR,B,6.36,0.12,0.5,0.41,0.0116,1.11,1
848,01/01/2014,31/12/2014,UK,A,1.16,0.39,1.89,0.1,0.013,2.95,1
849,01/01/2018,,FR,A,4.53,0.2,,0.16,0.0102,1.72,0
850,01/01/2018,,DE,A,4.71,4.41,1.75,0.63,0.0102,1.43,0
851,01/01/2012,,PL,A,0.71,6.38,0.43,0.68,0.018,1.61,0
852,01/01/2018,,PL,C,6.11,4.15,1.53,0.51,0.0102,5.15,0
853,01/01/2013,09/08/2013,DE,B,4.19,3.05,1.22,0.76,0.021,0.49,1
854,01/01/2018,16/02/2018,FR,A,1.07,2.17,1.1,0.47,0.0102,1.72,1
855,01/01/2013,,UK,A,4.83,0.62,1.84,0.34,0.021,2.05,0
856,01/01/2013,11/08/2013,FR,C,2.3,1.24,0.87,0.34,0.021,0.58,1
857,01/01/2014,,UK,D,0.51,1.02,,0.4,0.013,2.95,0
858,01/01/2018,,DE,D,2.86,3.27,1.36,0.59,0.0102,1.43,0
859,01/01/2018,25/03/2018,DE,D,8.89,2.37,1.78,1.09,0.0102,1.43,1
860,01/01/2015,,PL,C,6.8,12.22,0.97,1.29,0.0116,3.84,0
861,01/01/2016,21/12/2016,UK,D,1.85,6.51,1.7,0.87,0.0121,1.79,1
862,01/01/2017,,PL,C,4.31,2.72,0.57,0.99,0.0099,4.81,0
863,01/01/2011,11/08/2011,FR,A,1.26,2.54,1.14,0.33,0.015,2.19,1
864,01/01/2015,,FR,D,4.03,4.44,1.58,1.01,0.0116,1.11,0
865,01/01/2015,,UK,C,4.61,0.77,1.95,0.23,0.0116,2.35,0
866,01/01/2016,,UK,D,9.9,1.37,1.07,0.48,0.0121,1.79,0
867,01/01/2011,15/02/2011,FR,B,1.74,2.9,1.46,0.42,0.015,2.19,1
868,01/01/2017,,FR,B,7.69,2.5,1.22,0.42,0.0099,2.26,0
869,01/01/2014,,PL,C,5.28,4.17,1.15,0.96,0.013,3.32,0
870,01/01/2012,,FR,C,4.02,5.12,1,0.62,0.018,0.31,0
871,01/01/2011,,FR,D,5.78,1.55,0.22,0.79,0.015,2.19,0
872,01/01/2014,,UK,A,8.22,1.33,0.7,1.03,0.013,2.95,0
873,01/01/2018,,FR,C,2.1,1.78,1.32,0.48,0.0102,1.72,0
874,01/01/2012,22/12/2012,FR,A,3.63,2.28,,0.31,0.018,0.31,1
875,01/01/2018,,FR,C,3.16,1.15,0.93,0.32,0.0102,1.72,0
876,01/01/2014,,PL,D,4.7,1.77,0.88,0.33,0.013,3.32,0
877,01/01/2012,,UK,D,2.24,4.11,0.2,0.93,0.018,1.45,0
878,01/01/2013,,FR,A,4.62,3.09,1.31,1.29,0.021,0.58,0
879,01/01/2015,07/06/2015,UK,A,2.71,2.19,1.16,0.3,0.0116,2.35,1
880,01/01/2011,06/09/2011,FR,C,0.93,1.03,1.66,0.42,0.015,2.19,1
881,01/01/2013,,DE,A,2.56,3.23,1.87,0.6,0.021,0.49,0
882,01/01/2018,,DE,A,1.3,4.75,0.58,0.78,0.0102,1.43,0
883,01/01/2013,16/09/2013,DE,B,1.47,1.39,1.62,0.16,0.021,0.49,1
884,01/01/2016,,UK,B,4.13,7.21,0.56,0.84,0.0121,1.79,0
885,01/01/2012,,UK,B,7.85,3.16,,0.57,0.018,1.45,0
886,01/01/2013,,UK,C,0.55,2.39,,0.72,0.021,2.05,0
887,01/01/2018,28/07/2018,DE,B,6.1,0.25,0.72,0.18,0.0102,1.43,1
888,01/01/2012,12/05/2012,UK,C,5.18,2.47,0.68,0.34,0.018,1.45,1
889,01/01/2011,,FR,A,6.47,1.45,0.69,0.29,0.015,2.19,0
890,01/01/2018,,UK,D,6.21,7.88,1.05,1.25,0.0102,1.4,0
891,01/01/2013,,UK,B,1.68,1.82,1.17,0.95,0.021,2.05,0
892,01/01/2011,,PL,A,8.28,3.89,0.36,1.11,0.015,5.02,0
893,01/01/2011,,FR,B,4.1,1.84,1.86,0.41,0.015,2.19,0
894,01/01/2014,,FR,C,20.32,6.87,0.7,0.77,0.013,0.96,0
895,01/01/2018,10/11/2018,DE,C,7.91,1.72,1.22,0.51,0.0102,1.43,1
896,01/01/2018,,UK,D,3.02,4.6,1.96,0.63,0.0102,1.4,0
897,01/01/2014,22/02/2014,UK,D,0.75,0.68,1.69,0.54,0.013,2.95,1
898,01/01/2012,27/11/2012,FR,A,2.33,1.07,1.66,0.32,0.018,0.31,1
899,01/01/2014,,DE,C,3.23,1.56,1.92,0.37,0.013,2.18,0
900,01/01/2014,,UK,A,6.61,2.66,,0.42,0.013,2.95,0
901,01/01/2017,,PL,C,0.67,3.56,1.56,0.92,0.0099,4.81,0
902,01/01/2016,,UK,A,0.95,1.95,0.48,0.38,0.0121,1.79,0
903,01/01/2014,,UK,A,6.47,0.54,0.86,0.37,0.013,2.95,0
904,01/01/2014,03/04/2014,DE,A,0.68,0.61,1.88,0.46,0.013,2.18,1
905,01/01/2011,,FR,C,5.11,2.38,1.74,0.34,0.015,2.19,0
906,01/01/2015,,UK,D,11.77,3.7,1.15,0.7,0.0116,2.35,0
907,01/01/2012,,FR,B,12.08,15.85,,1.97,0.018,0.31,0
908,01/01/2011,,UK,D,2.55,3.2,,1.09,0.015,1.64,0
909,01/01/2018,22/11/2018,FR,B,2.23,8.18,,1.27,0.0102,1.72,1
910,01/01/2016,,UK,D,8.21,3.25,1.71,0.45,0.0121,1.79,0
911,01/01/2014,01/12/2014,FR,C,2.05,3.69,0.67,0.47,0.013,0.96,1
912,01/01/2018,,DE,C,4.96,7.19,1.31,1.35,0.0102,1.43,0
913,01/01/2013,,FR,B,14.53,5.48,,0.82,0.021,0.58,0
914,01/01/2011,,PL,D,5.15,1.28,,0.35,0.015,5.02,0
915,01/01/2014,31/12/2014,PL,B,3.56,2.15,0.27,0.53,0.013,3.32,1
916,01/01/2016,,PL,A,7.17,1.81,,0.26,0.0121,3.06,0
917,01/01/2017,,FR,C,4.07,0.6,0.29,0.89,0.0099,2.26,0
918,01/01/2017,14/10/2017,DE,B,4.12,0.52,1.2,0.19,0.0099,2.16,1
919,01/01/2011,24/05/2011,FR,C,6.01,1.15,0.65,0.22,0.015,2.19,1
920,01/01/2015,12/07/2015,FR,A,4.55,1.49,0.26,0.61,0.0116,1.11,1
921,01/01/2013,,UK,A,2.29,0.11,,0.12,0.021,2.05,0
922,01/01/2014,,FR,A,2.71,0.31,,0.06,0.013,0.96,0
923,01/01/2012,,FR,A,2.47,7.94,1.46,1.02,0.018,0.31,0
924,01/01/2013,05/02/2013,UK,C,1.16,1.11,,0.83,0.021,2.05,1
925,01/01/2011,25/05/2011,DE,A,2.04,2.28,1.94,0.84,0.015,3.66,1
926,01/01/2018,,FR,B,6.72,0.71,1.27,0.26,0.0102,1.72,0
927,01/01/2013,11/01/2013,UK,B,0.95,1.22,,0.37,0.021,2.05,1
928,01/01/2014,27/02/2014,UK,A,2.07,3.54,1.58,0.42,0.013,2.95,1
929,01/01/2017,,UK,C,1.49,1.75,0.71,0.32,0.0099,1.82,0
930,01/01/2012,24/07/2012,PL,C,0.37,3.03,1.85,1.58,0.018,1.61,1
931,01/01/2015,18/06/2015,FR,A,2.91,2.43,1.6,0.43,0.0116,1.11,1
932,01/01/2013,,FR,A,1.96,1.98,1.78,0.46,0.021,0.58,0
933,01/01/2013,,PL,A,5.54,0.37,0.78,0.19,0.021,1.39,0
934,01/01/2012,,PL,D,3.88,4.37,1.59,0.49,0.018,1.61,0
935,01/01/2018,,UK,A,2,1.34,1.54,0.22,0.0102,1.4,0
936,01/01/2014,,UK,C,14.03,2.91,1.82,0.46,0.013,2.95,0
937,01/01/2018,,UK,D,3.43,3.99,0.96,0.52,0.0102,1.4,0
938,01/01/2017,,DE,A,8.32,1.83,,0.43,0.0099,2.16,0
939,01/01/2018,,UK,A,6.06,2.77,1.56,0.43,0.0102,1.4,0
940,01/01/2012,08/07/2012,UK,A,1.07,0.87,,0.19,0.018,1.45,1
941,01/01/2015,,FR,C,5.58,14.81,1.55,1.68,0.0116,1.11,0
942,01/01/2015,,DE,D,1.98,6.15,1.46,0.81,0.0116,1.74,0
943,01/01/2015,,PL,B,4.67,0.72,0.7,0.32,0.0116,3.84,0
944,01/01/2016,,UK,D,1.06,1.14,1.1,0.14,0.0121,1.79,0
945,01/01/2016,04/11/2016,DE,D,4.54,0.65,0.66,0.58,0.0121,2.24,1
946,01/01/2013,07/06/2013,FR,B,0.56,3.44,1.12,0.74,0.021,0.58,1
947,01/01/2014,,UK,D,6.33,1.56,0.9,0.61,0.013,2.95,0
948,01/01/2018,08/04/2018,UK,A,8.86,0.97,1.92,0.58,0.0102,1.4,1
949,01/01/2016,,UK,A,7.02,8.66,1.73,1.25,0.0121,1.79,0
950,01/01/2011,,FR,D,6.08,1.12,1.94,0.25,0.015,2.19,0
951,01/01/2017,,FR,D,2.8,1.24,0.52,0.14,0.0099,2.26,0
952,01/01/2013,26/03/2013,UK,A,2.8,3.56,1.06,0.46,0.021,2.05,1
953,01/01/2015,,DE,C,4.82,2.61,0.44,0.62,0.0116,1.74,0
954,01/01/2018,,FR,A,4.77,3.21,1.5,0.5,0.0102,1.72,0
955,01/01/2016,18/03/2016,DE,A,2.41,4.76,0.92,0.52,0.0121,2.24,1
956,01/01/2012,,UK,A,8.87,8.02,1.05,1.78,0.018,1.45,0
957,01/01/2014,,PL,A,5.15,0.07,,0.57,0.013,3.32,0
958,01/01/2011,,UK,B,9.85,0.41,,0.38,0.015,1.64,0
959,01/01/2018,,DE,C,9.26,4.02,0.84,0.65,0.0102,1.43,0
960,01/01/2012,,UK,D,7.18,9.55,0.96,1.56,0.018,1.45,0
961,01/01/2018,,FR,D,8.17,2.69,0.36,0.71,0.0102,1.72,0
962,01/01/2018,,DE,D,4.05,4.41,1.88,0.8,0.0102,1.43,0
963,01/01/2012,19/08/2012,UK,A,3.38,6.08,2,1.37,0.018,1.45,1
964,01/01/2016,,UK,B,5.77,12.04,0.32,1.52,0.0121,1.79,0
965,01/01/2015,30/07/2015,PL,D,4.17,0.7,,0.45,0.0116,3.84,1
966,01/01/2011,,UK,C,6.26,2.11,1.36,0.59,0.015,1.64,0
967,01/01/2014,,UK,D,2.7,0.52,1.2,0.35,0.013,2.95,0
968,01/01/2011,10/05/2011,FR,A,1.17,7.42,1.23,1.13,0.015,2.19,1
969,01/01/2018,,PL,C,3.04,6.18,,0.66,0.0102,5.15,0
970,01/01/2018,,FR,A,1.38,2.06,1.74,0.35,0.0102,1.72,0
971,01/01/2017,,UK,C,9.25,1.6,1.76,0.35,0.0099,1.82,0
972,01/01/2018,,PL,A,9.11,7.13,0.44,1.05,0.0102,5.15,0
973,01/01/2018,,FR,C,5.99,2.13,0.71,0.33,0.0102,1.72,0
974,01/01/2017,,DE,C,1.69,6.65,1.66,0.95,0.0099,2.16,0
975,01/01/2012,22/09/2012,UK,D,4.68,0.25,0.8,0.43,0.018,1.45,1
976,01/01/2011,,FR,A,9.29,0.99,1.67,0.34,0.015,2.19,0
977,01/01/2012,,FR,D,7.72,1.88,0.28,0.25,0.018,0.31,0
978,01/01/2013,,FR,C,7.71,3.6,,0.44,0.021,0.58,0
979,01/01/2017,,FR,A,9.43,10.82,0.77,1.44,0.0099,2.26,0
980,01/01/2011,,FR,D,5.39,0.03,,0.28,0.015,2.19,0
981,01/01/2016,,DE,C,2.4,0.58,1.8,0.32,0.0121,2.24,0
982,01/01/2015,,PL,D,8.59,1.74,1.6,0.5,0.0116,3.84,0
983,01/01/2012,,PL,D,4.42,3.69,,0.75,0.018,1.61,0
984,01/01/2016,24/06/2016,FR,A,4.41,2.94,1.85,0.54,0.0121,1.1,1
985,01/01/2016,,PL,B,5.06,2.97,,0.66,0.0121,3.06,0
986,01/01/2013,,DE,D,3.14,1,1.33,0.15,0.021,0.49,0
987,01/01/2014,,FR,D,6.34,2.07,1.47,0.78,0.013,0.96,0
988,01/01/2017,,UK,C,4.09,0.61,1.97,0.55,0.0099,1.82,0
989,01/01/2014,,PL,B,5.57,0.79,1.98,0.21,0.013,3.32,0
990,01/01/2015,,FR,C,2.88,1.19,1.6,0.79,0.0116,1.11,0
991,01/01/2018,30/05/2018,FR,A,2.58,0.89,1.9,0.52,0.0102,1.72,1
992,01/01/2016,14/01/2016,UK,A,10.96,3.21,1.37,0.5,0.0121,1.79,1
993,01/01/2012,10/07/2012,PL,C,5.5,0.84,1.49,0.51,0.018,1.61,1
994,01/01/2016,,UK,A,5.04,4.78,0.55,0.68,0.0121,1.79,0
995,01/01/2011,13/12/2011,UK,A,1.79,2.28,0.83,0.58,0.015,1.64,1
996,01/01/2018,,DE,C,5.44,5.53,0.4,1.32,0.0102,1.43,0
997,01/01/2018,05/10/2018,FR,C,1.41,5.64,0.23,1.3,0.0102,1.72,1
998,01/01/2018,,FR,C,4.52,2.17,1.04,0.25,0.0102,1.72,0
999,01/01/2018,,UK,D,18.7,3.97,1.71,0.77,0.0102,1.4,0
1000,01/01/2013,29/12/2013,UK,A,3,2.34,0.44,0.72,0.021,2.05,1
